date_time,maxtempC,mintempC,totalSnow_cm,sunHour,uvIndex,moon_illumination,moonrise,moonset,sunrise,sunset,DewPointC,FeelsLikeC,HeatIndexC,WindChillC,WindGustKmph,cloudcover,humidity,precipMM,pressure,tempC,visibility,winddirDegree,windspeedKmph,location
2019-12-01,5,1,0.0,3.5,1,26,12:24 PM,10:18 PM,08:00 AM,05:30 PM,-4,-2,3,-2,19,68,66,10.4,1010,5,9,91,13,New_York
2019-12-02,4,0,4.6,3.5,1,33,01:00 PM,11:18 PM,08:01 AM,05:29 PM,1,-4,2,-4,33,100,94,17.0,999,4,5,114,25,New_York
2019-12-03,3,-1,0.4,8.7,1,41,01:31 PM,No moonset,08:02 AM,05:29 PM,-3,-5,1,-5,30,45,77,3.0,1001,3,7,296,22,New_York
2019-12-04,3,0,0.0,5.2,1,48,01:58 PM,12:17 AM,08:03 AM,05:29 PM,-0,-2,2,-2,26,81,86,0.1,1001,3,10,261,17,New_York
2019-12-05,5,2,0.1,7.0,1,55,02:22 PM,01:16 AM,08:04 AM,05:29 PM,-3,-2,3,-2,29,43,64,0.2,1008,5,9,291,21,New_York
2019-12-06,5,1,0.0,5.2,1,62,02:47 PM,02:14 AM,08:05 AM,05:29 PM,-3,-1,3,-1,21,59,65,0.0,1019,5,10,265,15,New_York
2019-12-07,3,-1,0.0,8.7,2,70,03:12 PM,03:13 AM,08:06 AM,05:29 PM,-7,-3,1,-3,21,11,56,0.0,1027,3,10,324,16,New_York
2019-12-08,4,-1,0.0,7.0,1,77,03:38 PM,04:12 AM,08:07 AM,05:29 PM,-4,-0,3,-0,13,33,60,0.0,1032,4,10,197,9,New_York
2019-12-09,10,5,0.0,3.5,2,84,04:06 PM,05:14 AM,08:08 AM,05:29 PM,7,6,8,6,24,100,93,39.9,1017,10,6,211,13,New_York
2019-12-10,12,7,0.0,3.5,3,92,04:39 PM,06:17 AM,08:09 AM,05:29 PM,8,8,10,8,39,88,89,16.8,1011,12,9,249,24,New_York
2019-12-11,3,0,11.6,6.9,1,99,05:18 PM,07:22 AM,08:10 AM,05:29 PM,-3,-2,2,-2,20,55,73,15.2,1025,3,6,293,15,New_York
2019-12-12,3,-2,0.0,8.7,2,100,06:04 PM,08:26 AM,08:10 AM,05:29 PM,-9,-3,1,-3,16,2,48,0.0,1038,3,10,205,13,New_York
2019-12-13,8,3,0.0,3.4,2,87,06:59 PM,09:29 AM,08:11 AM,05:29 PM,4,3,6,3,10,84,88,24.6,1027,8,6,142,5,New_York
2019-12-14,13,8,0.0,3.4,3,79,08:01 PM,10:25 AM,08:12 AM,05:29 PM,9,8,10,8,26,95,92,32.3,997,13,6,123,16,New_York
2019-12-15,7,3,0.0,8.7,3,72,09:10 PM,11:15 AM,08:13 AM,05:30 PM,-1,1,6,1,38,32,61,0.2,1010,7,10,270,28,New_York
2019-12-16,3,1,0.0,5.2,1,65,10:20 PM,11:58 AM,08:13 AM,05:30 PM,-6,-0,2,-0,17,75,58,1.0,1023,3,10,250,12,New_York
2019-12-17,2,0,0.1,3.4,1,58,11:32 PM,12:35 PM,08:14 AM,05:30 PM,-0,-4,1,-4,27,92,92,39.5,1010,2,5,251,18,New_York
2019-12-18,2,-4,0.1,6.9,1,50,No moonrise,01:08 PM,08:15 AM,05:31 PM,-5,-7,-0,-7,33,33,72,0.2,1012,2,8,295,25,New_York
2019-12-19,-4,-8,0.0,8.7,2,43,12:42 AM,01:39 PM,08:15 AM,05:31 PM,-12,-14,-6,-14,29,7,59,0.0,1026,-4,10,303,22,New_York
2019-12-20,1,-5,0.0,8.7,2,36,01:53 AM,02:08 PM,08:16 AM,05:31 PM,-9,-8,-3,-8,17,6,60,0.0,1034,1,10,318,12,New_York
2019-12-21,2,-4,0.0,6.9,1,28,03:03 AM,02:38 PM,08:16 AM,05:32 PM,-7,-4,-1,-4,8,39,64,0.0,1035,2,10,172,6,New_York
2019-12-22,5,0,0.0,8.7,2,21,04:13 AM,03:10 PM,08:17 AM,05:32 PM,-2,-1,3,-1,15,1,70,0.0,1027,5,10,248,11,New_York
2019-12-23,10,4,0.0,8.7,3,14,05:24 AM,03:46 PM,08:17 AM,05:33 PM,1,3,6,3,19,3,70,0.0,1019,10,10,248,13,New_York
2019-12-24,6,3,0.0,8.7,2,7,06:33 AM,04:26 PM,08:18 AM,05:34 PM,-2,1,4,1,17,8,65,0.0,1019,6,10,110,12,New_York
2019-12-25,9,2,0.0,6.9,1,0,07:40 AM,05:13 PM,08:18 AM,05:34 PM,-2,3,4,3,8,32,64,0.0,1022,9,10,119,5,New_York
2019-12-26,6,3,0.0,8.7,1,0,08:40 AM,06:06 PM,08:18 AM,05:35 PM,2,2,5,2,11,39,83,0.0,1026,6,10,126,9,New_York
2019-12-27,9,6,0.0,3.4,2,0,09:34 AM,07:03 PM,08:19 AM,05:35 PM,6,5,7,5,16,71,91,0.1,1024,9,10,191,10,New_York
2019-12-28,9,5,0.0,6.9,2,8,10:19 AM,08:03 PM,08:19 AM,05:36 PM,3,4,7,4,15,22,76,0.0,1023,9,10,297,10,New_York
2019-12-29,6,5,0.0,5.2,2,15,10:57 AM,09:04 PM,08:19 AM,05:37 PM,1,3,5,3,11,58,74,3.1,1022,6,9,206,8,New_York
2019-12-30,7,4,0.0,3.4,2,22,11:31 AM,10:04 PM,08:20 AM,05:38 PM,5,1,6,1,32,98,91,30.5,1009,7,8,77,21,New_York
2019-12-31,7,3,0.0,6.9,2,26,11:59 AM,11:04 PM,08:20 AM,05:38 PM,0,1,5,1,25,56,73,0.4,1005,7,10,220,17,New_York
2020-01-01,4,2,0.0,8.7,2,37,12:25 PM,No moonset,08:20 AM,05:39 PM,-6,-2,3,-2,33,16,52,0.0,1007,4,10,272,24,New_York
2020-01-02,8,1,0.0,8.7,1,44,12:49 PM,12:02 AM,08:20 AM,05:40 PM,-3,1,4,1,21,18,59,0.0,1013,8,10,243,14,New_York
2020-01-03,10,6,0.0,3.5,2,51,01:13 PM,01:00 AM,08:20 AM,05:41 PM,6,6,8,6,17,80,89,15.9,1009,10,8,219,10,New_York
2020-01-04,10,3,0.0,3.5,2,59,01:38 PM,01:58 AM,08:20 AM,05:42 PM,8,7,9,7,12,98,96,9.6,1004,10,6,219,7,New_York
2020-01-05,5,2,0.0,8.7,1,66,02:05 PM,02:58 AM,08:20 AM,05:43 PM,-5,-0,4,-0,32,33,54,0.2,1007,5,10,307,24,New_York
2020-01-06,6,-2,0.1,5.2,1,73,02:35 PM,04:00 AM,08:20 AM,05:44 PM,-4,-0,4,-0,27,48,56,0.2,1013,6,10,263,19,New_York
2020-01-07,5,2,0.1,3.5,1,80,03:11 PM,05:03 AM,08:20 AM,05:45 PM,-5,0,3,0,14,79,55,0.2,1017,5,10,224,10,New_York
2020-01-08,3,-2,0.3,5.2,1,88,03:54 PM,06:08 AM,08:20 AM,05:46 PM,-8,-4,1,-4,32,62,52,0.8,1015,3,9,281,25,New_York
2020-01-09,1,-5,0.0,8.7,1,95,04:45 PM,07:12 AM,08:20 AM,05:47 PM,-14,-7,-2,-7,19,22,40,0.0,1036,1,10,272,15,New_York
2020-01-10,9,-3,0.0,3.5,2,100,05:46 PM,08:12 AM,08:19 AM,05:48 PM,-1,1,5,1,27,74,67,0.0,1034,9,10,219,17,New_York
2020-01-11,16,8,0.0,5.2,3,100,06:53 PM,09:07 AM,08:19 AM,05:49 PM,9,10,12,10,33,85,85,0.0,1025,16,10,212,18,New_York
2020-01-12,17,10,0.0,5.2,4,83,08:05 PM,09:55 AM,08:19 AM,05:50 PM,8,13,14,13,40,58,68,4.5,1017,17,9,243,23,New_York
2020-01-13,8,3,0.0,7.0,2,76,09:20 PM,10:35 AM,08:19 AM,05:51 PM,-2,4,5,4,10,57,59,0.0,1030,8,10,91,8,New_York
2020-01-14,7,2,0.0,7.0,2,69,10:32 PM,11:10 AM,08:18 AM,05:52 PM,3,5,6,5,10,71,80,0.3,1026,7,10,139,7,New_York
2020-01-15,10,6,0.0,8.7,3,61,11:45 PM,11:42 AM,08:18 AM,05:53 PM,3,6,8,6,12,26,72,0.2,1020,10,9,258,9,New_York
2020-01-16,8,1,0.0,5.2,2,54,No moonrise,12:12 PM,08:18 AM,05:54 PM,-2,2,6,2,37,67,59,1.6,1013,8,9,271,27,New_York
2020-01-17,-2,-5,0.0,8.7,2,47,12:55 AM,12:41 PM,08:17 AM,05:55 PM,-17,-10,-3,-10,33,13,34,0.0,1032,-2,10,330,27,New_York
2020-01-18,-0,-7,1.0,3.5,1,40,02:05 AM,01:12 PM,08:17 AM,05:56 PM,-12,-6,-3,-6,19,82,50,10.1,1028,-0,8,240,14,New_York
2020-01-19,4,-4,0.0,8.7,2,32,03:14 AM,01:46 PM,08:16 AM,05:57 PM,-3,-4,2,-4,39,39,72,0.7,1008,4,8,262,26,New_York
2020-01-20,-1,-5,0.0,8.7,2,25,04:22 AM,02:24 PM,08:16 AM,05:59 PM,-13,-10,-3,-10,29,21,47,0.1,1020,-1,10,326,23,New_York
2020-01-21,1,-4,0.0,9.9,1,18,05:29 AM,03:08 PM,08:15 AM,06:00 PM,-12,-6,-2,-6,14,13,47,0.0,1029,1,10,335,12,New_York
2020-01-22,4,-2,0.0,9.9,2,11,06:30 AM,03:57 PM,08:14 AM,06:01 PM,-9,-1,1,-1,8,6,51,0.0,1030,4,10,168,6,New_York
2020-01-23,4,-0,0.0,6.6,1,3,07:26 AM,04:52 PM,08:14 AM,06:02 PM,-8,-1,2,-1,11,72,48,0.0,1028,4,10,244,8,New_York
2020-01-24,6,-1,0.0,8.3,1,0,08:13 AM,05:51 PM,08:13 AM,06:03 PM,-5,2,3,2,10,62,54,0.0,1026,6,10,161,7,New_York
2020-01-25,10,3,0.0,5.0,2,0,08:54 AM,06:51 PM,08:12 AM,06:04 PM,4,2,6,2,41,86,87,59.4,1015,10,8,106,25,New_York
2020-01-26,7,3,0.0,9.9,1,4,09:30 AM,07:52 PM,08:11 AM,06:06 PM,-0,2,5,2,23,28,70,0.0,1009,7,10,263,17,New_York
2020-01-27,6,2,0.0,6.6,1,11,10:00 AM,08:52 PM,08:11 AM,06:07 PM,-3,-0,4,-0,24,48,63,0.0,1007,6,10,272,17,New_York
2020-01-28,5,1,0.0,10.0,2,18,10:26 AM,09:51 PM,08:10 AM,06:08 PM,-5,-2,2,-2,26,18,59,0.0,1009,5,10,313,19,New_York
2020-01-29,6,-1,0.0,10.0,2,26,10:51 AM,10:49 PM,08:09 AM,06:09 PM,-8,-2,2,-2,19,2,47,0.0,1016,6,10,276,15,New_York
2020-01-30,3,-1,0.0,8.3,1,33,11:15 AM,11:47 PM,08:08 AM,06:11 PM,-8,-2,1,-2,11,46,50,0.0,1024,3,10,39,9,New_York
2020-01-31,5,-3,0.0,6.7,1,37,11:40 AM,No moonset,08:07 AM,06:12 PM,-6,1,2,1,6,64,53,0.0,1026,5,10,233,4,New_York
2020-02-01,7,3,0.0,6.7,2,49,12:05 PM,12:45 AM,08:06 AM,06:13 PM,2,4,5,4,7,69,79,0.1,1015,7,10,140,5,New_York
2020-02-02,7,3,0.3,6.7,1,57,12:33 PM,01:45 AM,08:05 AM,06:14 PM,-0,2,5,2,18,82,72,0.7,1002,7,9,277,13,New_York
2020-02-03,10,0,0.0,10.1,3,64,01:05 PM,02:46 AM,08:04 AM,06:15 PM,0,4,7,4,22,29,63,0.3,1008,10,9,270,15,New_York
2020-02-04,10,7,0.0,5.1,2,72,01:44 PM,03:49 AM,08:03 AM,06:17 PM,6,7,8,7,13,78,88,3.5,1010,10,7,195,8,New_York
2020-02-05,6,3,0.0,5.1,1,79,02:29 PM,04:52 AM,08:02 AM,06:18 PM,-2,2,5,2,17,96,62,1.7,1014,6,5,125,13,New_York
2020-02-06,10,2,0.0,5.1,2,87,03:25 PM,05:55 AM,08:01 AM,06:19 PM,5,4,6,4,17,98,89,18.6,1005,10,7,137,10,New_York
2020-02-07,12,3,0.0,6.7,2,95,04:29 PM,06:52 AM,08:00 AM,06:20 PM,5,7,9,7,32,78,79,10.5,988,12,9,235,22,New_York
2020-02-08,3,-3,0.0,8.5,1,100,05:41 PM,07:44 AM,07:59 AM,06:22 PM,-11,-6,-0,-6,27,42,43,0.0,1018,3,10,240,21,New_York
2020-02-09,7,0,0.0,6.9,1,100,06:56 PM,08:28 AM,07:58 AM,06:23 PM,-3,1,3,1,12,82,63,0.0,1030,7,10,121,9,New_York
2020-02-10,7,2,0.0,5.3,2,83,08:13 PM,09:06 AM,07:57 AM,06:24 PM,3,2,6,2,31,100,79,6.7,1022,7,9,222,21,New_York
2020-02-11,8,2,0.0,5.3,2,75,09:28 PM,09:41 AM,07:56 AM,06:25 PM,7,6,7,6,12,95,94,32.3,1012,8,6,208,7,New_York
2020-02-12,6,1,0.0,10.0,1,68,10:42 PM,10:12 AM,07:54 AM,06:26 PM,-5,0,4,0,22,45,54,0.7,1020,6,10,266,16,New_York
2020-02-13,12,4,0.0,5.4,2,60,11:55 PM,10:42 AM,07:53 AM,06:28 PM,4,5,7,5,27,90,82,38.0,1006,12,8,235,17,New_York
2020-02-14,0,-6,0.0,10.8,2,53,No moonrise,11:14 AM,07:52 AM,06:29 PM,-11,-7,-2,-7,28,5,49,0.0,1023,0,10,320,22,New_York
2020-02-15,-0,-6,0.0,10.8,1,45,01:06 AM,11:47 AM,07:51 AM,06:30 PM,-15,-7,-3,-7,13,15,39,0.0,1033,-0,10,267,11,New_York
2020-02-16,8,-5,0.0,10.8,1,38,02:15 AM,12:24 PM,07:49 AM,06:31 PM,-5,-1,3,-1,24,55,55,0.0,1022,8,10,233,17,New_York
2020-02-17,9,2,0.0,10.1,2,30,03:23 AM,01:06 PM,07:48 AM,06:33 PM,-3,3,5,3,14,38,61,0.0,1023,9,10,307,11,New_York
2020-02-18,8,3,0.0,5.4,2,22,04:25 AM,01:53 PM,07:47 AM,06:34 PM,2,3,6,3,26,94,77,8.4,1023,8,8,163,16,New_York
2020-02-19,6,1,0.0,10.9,1,15,05:22 AM,02:46 PM,07:45 AM,06:35 PM,-4,1,5,1,26,40,57,7.6,1021,6,9,317,20,New_York
2020-02-20,1,-2,0.0,7.0,1,7,06:11 AM,03:43 PM,07:44 AM,06:36 PM,-13,-5,-1,-5,17,49,39,0.0,1031,1,10,320,13,New_York
2020-02-21,4,-5,0.0,10.9,2,0,06:54 AM,04:42 PM,07:43 AM,06:37 PM,-16,-5,-1,-5,16,2,33,0.0,1031,4,10,318,13,New_York
2020-02-22,8,-2,0.0,11.0,2,0,07:30 AM,05:43 PM,07:41 AM,06:38 PM,-12,-0,3,-0,21,1,32,0.0,1025,8,10,259,16,New_York
2020-02-23,10,2,0.0,10.1,2,0,08:01 AM,06:43 PM,07:40 AM,06:40 PM,-6,3,6,3,17,17,42,0.0,1023,10,10,252,12,New_York
2020-02-24,11,4,0.0,7.0,2,0,08:29 AM,07:42 PM,07:38 AM,06:41 PM,0,6,7,6,12,50,60,0.0,1018,11,10,212,9,New_York
2020-02-25,8,7,0.0,5.5,2,8,08:54 AM,08:40 PM,07:37 AM,06:42 PM,5,6,7,6,13,89,88,11.1,1012,8,8,124,9,New_York
2020-02-26,11,8,0.0,5.5,2,15,09:18 AM,09:39 PM,07:35 AM,06:43 PM,9,7,9,7,23,98,98,10.2,1006,11,7,105,13,New_York
2020-02-27,5,3,0.0,7.1,1,23,09:42 AM,10:36 PM,07:34 AM,06:44 PM,-4,0,5,0,36,62,54,4.2,1004,5,10,263,27,New_York
2020-02-28,3,-1,0.1,8.6,1,30,10:06 AM,11:35 PM,07:32 AM,06:46 PM,-11,-5,1,-5,35,62,41,0.1,1010,3,10,264,27,New_York
2020-02-29,1,-2,0.0,7.1,1,38,10:33 AM,No moonset,07:31 AM,06:47 PM,-14,-6,-0,-6,29,51,36,0.0,1011,1,10,286,23,New_York
2020-03-01,6,-3,0.0,11.2,2,44,11:03 AM,12:35 AM,07:29 AM,06:48 PM,-11,-4,1,-4,25,29,42,0.0,1017,6,10,291,19,New_York
2020-03-02,12,3,0.0,10.1,2,51,11:38 AM,01:36 AM,07:28 AM,06:49 PM,-2,4,7,4,19,59,56,0.2,1017,12,10,205,13,New_York
2020-03-03,12,5,0.0,5.6,2,58,12:18 PM,02:37 AM,07:26 AM,06:50 PM,7,8,9,8,19,82,82,1.3,1007,12,8,194,13,New_York
2020-03-04,10,6,0.0,11.3,3,65,01:08 PM,03:39 AM,07:25 AM,06:51 PM,-0,5,8,5,37,30,55,4.2,1004,10,9,267,27,New_York
2020-03-05,10,3,0.0,7.1,2,73,02:07 PM,04:36 AM,07:23 AM,06:52 PM,-4,4,7,4,21,57,46,0.2,1016,10,10,283,16,New_York
2020-03-06,9,5,0.0,7.1,2,80,03:14 PM,05:30 AM,07:22 AM,06:53 PM,-1,5,7,5,13,78,58,0.2,1010,9,10,221,10,New_York
2020-03-07,7,2,0.7,10.1,2,87,04:27 PM,06:17 AM,07:20 AM,06:55 PM,-6,0,5,0,28,45,51,0.9,1019,7,9,277,22,New_York
2020-03-08,13,2,0.0,10.1,2,95,05:44 PM,06:58 AM,07:18 AM,06:56 PM,-7,4,7,4,21,26,37,0.0,1028,13,10,269,15,New_York
2020-03-09,17,8,0.0,11.4,4,100,07:01 PM,07:35 AM,07:17 AM,06:57 PM,1,11,12,11,23,19,48,0.0,1026,17,10,243,16,New_York
2020-03-10,15,9,0.0,5.7,3,100,08:18 PM,08:08 AM,07:15 AM,06:58 PM,7,11,13,11,31,64,67,3.4,1019,15,9,225,19,New_York
2020-03-11,12,6,0.0,11.5,2,84,09:34 PM,08:39 AM,07:14 AM,06:59 PM,-3,7,9,7,19,48,45,1.3,1019,12,10,244,14,New_York
2020-03-12,11,8,0.0,8.8,2,76,10:49 PM,09:11 AM,07:12 AM,07:00 PM,0,7,9,7,14,66,56,0.0,1019,11,10,111,11,New_York
2020-03-13,18,9,0.0,8.8,3,69,No moonrise,09:45 AM,07:10 AM,07:01 PM,7,11,13,11,43,70,73,21.7,1012,18,7,203,26,New_York
2020-03-14,12,5,0.0,11.6,3,62,12:02 AM,10:21 AM,07:09 AM,07:02 PM,-5,5,8,5,27,10,39,0.0,1025,12,10,305,20,New_York
2020-03-15,11,4,0.0,11.6,3,55,01:13 AM,11:03 AM,07:07 AM,07:03 PM,-7,5,8,5,16,36,37,0.1,1031,11,10,128,13,New_York
2020-03-16,6,2,0.0,8.8,1,47,02:19 AM,11:49 AM,07:05 AM,07:05 PM,-7,1,4,1,21,38,44,0.0,1034,6,10,95,17,New_York
2020-03-17,10,1,0.0,7.4,2,40,03:19 AM,12:41 PM,07:04 AM,07:06 PM,5,5,8,5,22,78,78,1.0,1024,10,8,203,16,New_York
2020-03-18,13,6,0.0,11.6,2,33,04:10 AM,01:38 PM,07:02 AM,07:07 PM,-2,7,9,7,14,14,49,0.0,1030,13,10,276,11,New_York
2020-03-19,8,5,0.0,6.0,2,25,04:55 AM,02:36 PM,07:00 AM,07:08 PM,4,4,7,4,25,88,81,37.4,1027,8,8,84,17,New_York
2020-03-20,20,9,0.0,6.3,4,18,05:33 AM,03:36 PM,06:59 AM,07:09 PM,12,15,15,15,31,84,85,7.3,1014,20,9,202,17,New_York
2020-03-21,11,4,0.0,11.6,3,11,06:05 AM,04:36 PM,06:57 AM,07:10 PM,-3,7,10,7,23,20,43,0.0,1024,11,10,198,17,New_York
2020-03-22,7,1,0.0,11.6,2,4,06:33 AM,05:36 PM,06:55 AM,07:11 PM,-10,0,4,0,22,10,36,0.0,1036,7,10,70,17,New_York
2020-03-23,7,2,0.4,6.3,2,0,06:59 AM,06:34 PM,06:54 AM,07:12 PM,1,1,5,1,28,99,77,24.3,1031,7,6,110,21,New_York
2020-03-24,15,1,0.0,11.6,4,0,07:23 AM,07:32 PM,06:52 AM,07:13 PM,4,8,10,8,16,42,68,3.5,1019,15,10,270,12,New_York
2020-03-25,7,6,0.0,6.3,2,3,07:46 AM,08:30 PM,06:50 AM,07:14 PM,2,4,7,4,25,92,72,3.3,1017,7,8,75,19,New_York
2020-03-26,10,2,0.0,11.6,3,11,08:10 AM,09:29 PM,06:49 AM,07:15 PM,0,4,6,4,14,24,65,0.0,1018,10,10,98,11,New_York
2020-03-27,15,5,0.0,6.3,3,18,08:35 AM,10:28 PM,06:47 AM,07:16 PM,6,9,10,9,18,69,77,6.3,1009,15,9,252,13,New_York
2020-03-28,9,5,0.0,6.4,2,25,09:04 AM,11:29 PM,06:45 AM,07:17 PM,3,7,9,7,17,71,68,27.7,1019,9,8,90,12,New_York
2020-03-29,13,2,0.0,6.4,3,32,09:36 AM,No moonset,06:44 AM,07:18 PM,9,9,10,9,21,98,89,5.1,1014,13,8,86,14,New_York
2020-03-30,15,13,0.0,6.4,3,40,10:14 AM,12:29 AM,06:42 AM,07:20 PM,6,13,14,13,24,70,60,0.9,1010,15,10,274,18,New_York
2020-03-31,9,7,0.0,6.4,2,44,10:59 AM,01:30 AM,06:40 AM,07:21 PM,2,6,8,6,18,93,66,1.7,1013,9,9,144,14,New_York
2020-04-01,11,4,0.0,11.6,3,56,11:53 AM,02:27 AM,06:39 AM,07:22 PM,-2,5,7,5,18,47,54,0.0,1011,11,10,184,14,New_York
2020-04-02,12,5,0.0,11.6,2,64,12:54 PM,03:21 AM,06:37 AM,07:23 PM,-1,5,8,5,32,28,53,0.0,1009,12,10,334,25,New_York
2020-04-03,13,9,0.0,6.4,3,71,02:03 PM,04:09 AM,06:35 AM,07:24 PM,4,7,10,7,35,93,65,1.6,1009,13,7,162,26,New_York
2020-04-04,13,4,0.0,6.5,3,79,03:16 PM,04:51 AM,06:34 AM,07:25 PM,4,8,10,8,19,89,66,0.0,1016,13,10,66,14,New_York
2020-04-05,13,8,0.0,7.8,3,87,04:31 PM,05:29 AM,06:32 AM,07:26 PM,6,9,10,9,15,84,73,0.0,1018,13,10,181,12,New_York
2020-04-06,17,11,0.0,11.6,4,94,05:48 PM,06:02 AM,06:30 AM,07:27 PM,1,13,14,13,16,26,47,0.0,1017,17,10,329,12,New_York
2020-04-07,12,9,0.0,6.5,3,100,07:05 PM,06:34 AM,06:29 AM,07:28 PM,-1,10,11,10,13,83,46,0.4,1016,12,9,195,10,New_York
2020-04-08,18,13,0.0,6.5,4,100,08:22 PM,07:06 AM,06:27 AM,07:29 PM,10,15,15,15,13,84,73,8.8,1000,18,9,184,9,New_York
2020-04-09,12,9,0.0,6.5,3,83,09:39 PM,07:39 AM,06:26 AM,07:30 PM,4,8,11,8,27,81,69,7.0,995,12,9,218,21,New_York
2020-04-10,10,5,0.0,9.1,2,76,10:54 PM,08:14 AM,06:24 AM,07:31 PM,-4,3,8,3,40,43,42,0.0,995,10,10,280,33,New_York
2020-04-11,12,3,0.0,11.6,3,68,No moonrise,08:55 AM,06:22 AM,07:32 PM,-6,4,8,4,29,13,40,0.0,1011,12,10,299,23,New_York
2020-04-12,18,9,0.0,10.3,3,61,12:05 AM,09:41 AM,06:21 AM,07:33 PM,3,13,13,13,19,44,49,0.0,1018,18,10,208,14,New_York
2020-04-13,19,13,0.0,6.6,4,53,01:10 AM,10:32 AM,06:19 AM,07:34 PM,10,14,15,14,61,88,72,49.5,1008,19,6,198,38,New_York
2020-04-14,13,8,0.0,11.6,3,46,02:06 AM,11:29 AM,06:18 AM,07:35 PM,-4,8,11,8,26,34,39,0.0,1017,13,10,279,20,New_York
2020-04-15,12,7,0.0,6.6,2,38,02:54 AM,12:28 PM,06:16 AM,07:36 PM,-3,8,9,8,15,84,41,0.2,1014,12,10,257,12,New_York
2020-04-16,9,5,0.0,9.1,2,30,03:35 AM,01:29 PM,06:15 AM,07:37 PM,-6,4,7,4,28,55,38,0.2,1018,9,10,290,22,New_York
2020-04-17,9,4,0.0,7.9,2,23,04:08 AM,02:29 PM,06:13 AM,07:38 PM,-4,3,7,3,19,60,50,6.6,1021,9,9,245,15,New_York
2020-04-18,11,4,0.0,6.6,2,15,04:37 AM,03:29 PM,06:12 AM,07:39 PM,5,7,9,7,23,94,73,9.2,1008,11,9,241,18,New_York
2020-04-19,16,6,0.0,10.4,3,8,05:04 AM,04:27 PM,06:10 AM,07:41 PM,0,9,11,9,25,34,48,0.0,1011,16,10,250,19,New_York
2020-04-20,14,10,0.0,11.6,4,0,05:28 AM,05:26 PM,06:09 AM,07:42 PM,3,11,12,11,18,44,54,0.0,1005,14,10,159,14,New_York
2020-04-21,14,6,0.0,6.7,3,0,05:51 AM,06:23 PM,06:07 AM,07:43 PM,2,8,10,8,25,57,53,7.8,1004,14,9,242,19,New_York
2020-04-22,11,3,0.0,11.6,3,0,06:14 AM,07:23 PM,06:06 AM,07:44 PM,-9,3,7,3,32,9,34,0.0,1011,11,10,291,25,New_York
2020-04-23,9,3,0.0,6.7,2,0,06:39 AM,08:22 PM,06:05 AM,07:45 PM,-3,4,6,4,14,69,54,6.6,1015,9,8,209,10,New_York
2020-04-24,11,8,0.0,6.7,3,7,07:07 AM,09:23 PM,06:03 AM,07:46 PM,8,7,10,7,26,100,90,39.9,1004,11,6,68,18,New_York
2020-04-25,15,5,0.0,11.6,4,15,07:38 AM,10:24 PM,06:02 AM,07:47 PM,1,9,10,9,19,27,55,0.5,1015,15,9,110,15,New_York
2020-04-26,10,8,0.0,6.7,2,22,08:13 AM,11:25 PM,06:01 AM,07:48 PM,7,7,10,7,30,89,81,33.7,1010,10,7,80,22,New_York
2020-04-27,9,4,0.0,8.7,2,30,08:56 AM,No moonset,05:59 AM,07:49 PM,6,6,8,6,25,99,83,17.0,1007,9,8,150,18,New_York
2020-04-28,17,7,0.0,13.9,4,37,09:46 AM,12:23 AM,05:58 AM,07:50 PM,3,10,11,10,18,29,58,0.0,1018,17,10,284,14,New_York
2020-04-29,11,8,0.0,8.7,3,45,10:44 AM,01:17 AM,05:57 AM,07:51 PM,7,9,11,9,23,76,77,3.5,1022,11,7,144,17,New_York
2020-04-30,16,10,0.0,8.7,3,52,11:48 AM,02:06 AM,05:55 AM,07:52 PM,11,11,13,11,50,100,85,7.0,1017,16,9,138,33,New_York
2020-05-01,19,13,0.0,9.9,4,58,12:58 PM,02:48 AM,05:54 AM,07:53 PM,12,14,15,14,29,84,79,38.5,1004,19,9,138,20,New_York
2020-05-02,20,12,0.0,13.4,4,65,02:10 PM,03:26 AM,05:53 AM,07:54 PM,5,15,16,15,27,30,51,0.0,1011,20,10,315,19,New_York
2020-05-03,24,15,0.0,13.4,5,72,03:24 PM,04:00 AM,05:52 AM,07:55 PM,10,19,19,19,23,55,56,3.8,1008,24,9,246,17,New_York
2020-05-04,15,11,0.0,13.4,3,80,04:38 PM,04:31 AM,05:50 AM,07:56 PM,4,13,15,13,29,44,49,0.2,1007,15,10,312,23,New_York
2020-05-05,16,7,0.0,14.1,4,87,05:54 PM,05:01 AM,05:49 AM,07:57 PM,-4,9,11,9,25,18,36,0.0,1012,16,10,303,20,New_York
2020-05-06,12,7,0.0,10.0,3,94,07:11 PM,05:33 AM,05:48 AM,07:58 PM,1,9,11,9,23,70,53,8.3,1008,12,8,75,18,New_York
2020-05-07,18,8,0.0,11.1,3,100,08:27 PM,06:06 AM,05:47 AM,07:59 PM,2,12,13,12,19,66,52,0.7,1007,18,9,283,16,New_York
2020-05-08,13,8,0.0,10.2,3,100,09:42 PM,06:44 AM,05:46 AM,08:00 PM,3,9,11,9,19,75,60,18.4,1007,13,9,217,15,New_York
2020-05-09,9,4,0.0,9.1,2,84,10:52 PM,07:29 AM,05:45 AM,08:01 PM,-2,2,7,2,38,83,56,38.5,1003,9,7,253,32,New_York
2020-05-10,16,6,0.0,12.3,3,77,11:55 PM,08:18 AM,05:44 AM,08:02 PM,-2,8,11,8,31,34,41,0.0,1016,16,10,258,24,New_York
2020-05-11,15,9,0.0,9.1,3,70,No moonrise,09:15 AM,05:43 AM,08:03 PM,3,11,13,11,31,67,53,0.4,1010,15,10,247,24,New_York
2020-05-12,13,5,0.0,13.4,2,62,12:48 AM,10:15 AM,05:42 AM,08:04 PM,-5,6,9,6,29,24,40,0.0,1016,13,10,304,23,New_York
2020-05-13,15,7,0.0,14.5,4,55,01:33 AM,11:17 AM,05:41 AM,08:05 PM,-5,9,11,9,24,7,34,0.0,1024,15,10,316,19,New_York
2020-05-14,17,10,0.0,14.5,3,48,02:10 AM,12:19 PM,05:40 AM,08:06 PM,2,14,14,14,17,32,45,0.0,1026,17,10,251,13,New_York
2020-05-15,27,15,0.0,12.4,5,40,02:41 AM,01:20 PM,05:39 AM,08:07 PM,14,21,21,21,30,70,65,3.6,1013,27,10,238,21,New_York
2020-05-16,26,19,0.0,13.4,5,33,03:08 AM,02:19 PM,05:38 AM,08:08 PM,13,22,22,22,26,49,58,9.1,1013,26,9,224,18,New_York
2020-05-17,17,13,0.0,13.4,4,26,03:33 AM,03:18 PM,05:37 AM,08:09 PM,7,14,15,14,21,40,62,0.0,1023,17,10,104,18,New_York
2020-05-18,20,14,0.0,14.5,5,19,03:56 AM,04:15 PM,05:36 AM,08:10 PM,7,17,17,17,20,27,52,0.0,1021,20,10,91,16,New_York
2020-05-19,19,14,0.0,14.5,5,11,04:19 AM,05:14 PM,05:35 AM,08:11 PM,3,15,16,15,34,20,43,0.0,1023,19,10,68,26,New_York
2020-05-20,18,11,0.0,13.4,3,4,04:43 AM,06:13 PM,05:34 AM,08:11 PM,1,12,14,12,27,48,43,0.0,1029,18,10,83,21,New_York
2020-05-21,17,13,0.0,14.5,5,0,05:10 AM,07:15 PM,05:34 AM,08:12 PM,5,15,15,15,14,0,53,0.0,1029,17,10,125,12,New_York
2020-05-22,20,11,0.0,12.4,4,0,05:39 AM,08:16 PM,05:33 AM,08:13 PM,12,16,16,16,10,53,75,6.7,1022,20,9,180,9,New_York
2020-05-23,20,15,0.0,9.3,4,3,06:13 AM,09:18 PM,05:32 AM,08:14 PM,15,17,17,17,18,100,85,14.7,1016,20,7,74,14,New_York
2020-05-24,17,12,0.0,9.3,3,10,06:54 AM,10:18 PM,05:31 AM,08:15 PM,8,13,14,13,18,94,68,0.0,1023,17,10,66,14,New_York
2020-05-25,22,14,0.0,12.4,4,17,07:42 AM,11:15 PM,05:31 AM,08:16 PM,12,17,18,17,12,51,70,0.0,1023,22,10,108,10,New_York
2020-05-26,23,16,0.0,13.5,6,25,08:38 AM,No moonset,05:30 AM,08:17 PM,15,19,20,19,11,31,77,0.0,1023,23,10,175,9,New_York
2020-05-27,23,17,0.0,14.5,6,32,09:41 AM,12:05 AM,05:30 AM,08:17 PM,16,20,21,20,16,30,78,0.0,1024,23,10,169,13,New_York
2020-05-28,20,18,0.0,9.3,4,39,10:48 AM,12:49 AM,05:29 AM,08:18 PM,17,19,19,19,26,85,88,1.8,1021,20,8,162,18,New_York
2020-05-29,24,19,0.0,9.3,5,47,11:58 AM,01:28 AM,05:29 AM,08:19 PM,18,21,22,21,24,95,86,7.0,1015,24,10,174,16,New_York
2020-05-30,29,22,0.0,14.5,7,54,01:09 PM,02:02 AM,05:28 AM,08:20 PM,14,25,25,24,23,34,57,4.8,1011,29,10,249,16,New_York
2020-05-31,21,14,0.0,14.5,5,58,02:21 PM,02:32 AM,05:28 AM,08:21 PM,3,18,18,18,28,7,39,0.0,1016,21,10,336,23,New_York
2020-06-01,22,13,0.0,13.5,4,71,03:34 PM,03:02 AM,05:27 AM,08:21 PM,2,17,18,17,22,27,37,0.0,1020,22,10,323,17,New_York
2020-06-02,18,16,0.0,11.4,4,79,04:47 PM,03:31 AM,05:27 AM,08:22 PM,6,18,18,18,15,60,49,0.0,1016,18,10,265,11,New_York
2020-06-03,29,17,0.0,10.4,5,86,06:02 PM,04:02 AM,05:26 AM,08:23 PM,15,23,23,22,25,67,65,9.2,1006,29,9,251,17,New_York
2020-06-04,29,21,0.0,12.4,6,94,07:17 PM,04:37 AM,05:26 AM,08:23 PM,17,26,26,25,11,60,64,1.0,1009,29,10,250,8,New_York
2020-06-05,28,22,0.0,9.4,5,100,08:30 PM,05:18 AM,05:26 AM,08:24 PM,18,26,26,25,19,74,69,2.4,1012,28,10,196,14,New_York
2020-06-06,30,23,0.0,9.4,6,100,09:38 PM,06:04 AM,05:25 AM,08:25 PM,17,27,27,26,22,79,60,3.8,1008,30,9,251,16,New_York
2020-06-07,25,18,0.0,14.5,6,84,10:36 PM,06:58 AM,05:25 AM,08:25 PM,8,22,22,22,26,12,43,0.0,1011,25,10,337,20,New_York
2020-06-08,27,18,0.0,14.5,6,76,11:26 PM,07:58 AM,05:25 AM,08:26 PM,8,22,22,23,14,12,40,0.0,1016,27,10,330,12,New_York
2020-06-09,30,20,0.0,14.5,7,69,No moonrise,09:01 AM,05:25 AM,08:26 PM,11,25,25,25,15,8,43,0.0,1015,30,10,268,12,New_York
2020-06-10,28,25,0.0,13.5,6,61,12:07 AM,10:04 AM,05:25 AM,08:27 PM,18,27,27,26,22,33,63,7.3,1015,28,10,171,15,New_York
2020-06-11,27,24,0.0,9.4,5,54,12:41 AM,11:07 AM,05:25 AM,08:27 PM,20,27,27,25,31,89,73,21.3,1016,27,8,212,20,New_York
2020-06-12,30,19,0.0,14.5,7,46,01:10 AM,12:08 PM,05:25 AM,08:28 PM,11,25,25,25,15,10,41,0.0,1019,30,10,288,12,New_York
2020-06-13,27,17,0.0,14.5,6,38,01:36 AM,01:07 PM,05:24 AM,08:28 PM,6,22,22,22,15,10,38,0.0,1020,27,10,189,13,New_York
2020-06-14,25,15,0.0,14.5,6,31,02:00 AM,02:05 PM,05:24 AM,08:29 PM,4,19,19,19,15,7,36,0.0,1026,25,10,153,12,New_York
2020-06-15,24,18,0.0,14.5,6,23,02:23 AM,03:04 PM,05:25 AM,08:29 PM,10,21,21,21,16,11,49,0.0,1027,24,10,96,13,New_York
2020-06-16,24,19,0.0,14.5,6,16,02:46 AM,04:03 PM,05:25 AM,08:29 PM,12,22,22,21,13,2,55,0.0,1028,24,10,98,12,New_York
2020-06-17,25,18,0.0,14.5,6,8,03:12 AM,05:03 PM,05:25 AM,08:30 PM,11,21,21,21,12,21,56,0.0,1025,25,10,106,10,New_York
2020-06-18,24,19,0.0,14.5,6,1,03:40 AM,06:05 PM,05:25 AM,08:30 PM,16,22,22,21,12,39,75,0.0,1022,24,10,148,10,New_York
2020-06-19,26,20,0.0,13.5,5,0,04:12 AM,07:07 PM,05:25 AM,08:30 PM,17,24,24,23,16,57,73,0.9,1019,26,10,171,13,New_York
2020-06-20,27,21,0.0,10.4,5,0,04:50 AM,08:09 PM,05:25 AM,08:30 PM,18,26,26,24,20,70,67,4.1,1018,27,10,176,15,New_York
2020-06-21,27,21,0.0,13.5,5,0,05:36 AM,09:08 PM,05:25 AM,08:31 PM,18,26,26,24,19,33,70,0.0,1016,27,10,179,15,New_York
2020-06-22,28,22,0.0,13.5,6,7,06:30 AM,10:02 PM,05:26 AM,08:31 PM,19,27,27,25,18,36,69,2.7,1015,28,10,178,15,New_York
2020-06-23,31,24,0.0,14.5,6,14,07:32 AM,10:49 PM,05:26 AM,08:31 PM,19,29,29,27,19,43,61,1.4,1009,31,10,189,14,New_York
2020-06-24,32,25,0.0,13.5,6,22,08:39 AM,11:30 PM,05:26 AM,08:31 PM,18,29,29,28,19,38,56,8.7,1006,32,9,240,15,New_York
2020-06-25,29,24,0.0,13.5,6,29,09:49 AM,No moonset,05:27 AM,08:31 PM,15,27,27,27,18,39,50,0.6,1013,29,10,241,14,New_York
2020-06-26,31,23,0.0,14.5,7,37,11:00 AM,12:05 AM,05:27 AM,08:31 PM,15,27,27,27,17,28,51,1.7,1014,31,10,251,14,New_York
2020-06-27,30,24,0.0,10.4,6,44,12:11 PM,12:36 AM,05:27 AM,08:31 PM,17,28,28,27,26,56,57,2.2,1009,30,9,248,19,New_York
2020-06-28,31,24,0.0,11.4,6,52,01:23 PM,01:05 AM,05:28 AM,08:31 PM,19,29,29,27,20,61,61,5.9,1006,31,10,258,15,New_York
2020-06-29,32,25,0.0,14.5,6,59,02:33 PM,01:34 AM,05:28 AM,08:31 PM,17,29,29,28,14,31,54,1.1,1009,32,10,236,11,New_York
2020-06-30,29,23,0.0,12.5,6,67,03:46 PM,02:03 AM,05:29 AM,08:31 PM,17,27,27,26,13,56,58,9.3,1010,29,10,84,10,New_York
2020-07-01,27,23,0.0,9.4,6,72,04:59 PM,02:35 AM,05:29 AM,08:31 PM,18,27,27,25,13,76,63,17.4,1010,27,9,125,9,New_York
2020-07-02,33,24,0.0,14.5,6,79,06:11 PM,03:12 AM,05:30 AM,08:31 PM,17,29,29,28,10,36,52,0.3,1010,33,10,146,8,New_York
2020-07-03,30,25,0.0,11.4,6,86,07:20 PM,03:55 AM,05:30 AM,08:30 PM,18,29,29,28,15,65,57,4.3,1010,30,10,204,11,New_York
2020-07-04,30,23,0.0,10.4,6,94,08:22 PM,04:45 AM,05:31 AM,08:30 PM,17,27,27,25,14,63,63,1.2,1012,30,10,98,12,New_York
2020-07-05,34,24,0.0,14.5,7,100,09:17 PM,05:42 AM,05:31 AM,08:30 PM,16,29,29,29,9,21,51,0.1,1014,34,10,237,8,New_York
2020-07-06,33,26,0.0,13.5,6,100,10:01 PM,06:44 AM,05:32 AM,08:30 PM,16,30,30,29,14,30,47,3.4,1016,33,10,281,11,New_York
2020-07-07,32,27,0.0,12.4,6,85,10:39 PM,07:48 AM,05:33 AM,08:29 PM,20,31,31,29,17,68,59,8.6,1016,32,9,201,13,New_York
2020-07-08,30,25,0.0,12.4,6,77,11:10 PM,08:52 AM,05:33 AM,08:29 PM,20,29,29,27,27,61,65,15.3,1016,30,9,185,18,New_York
2020-07-09,31,26,0.0,14.5,7,70,11:38 PM,09:54 AM,05:34 AM,08:29 PM,20,30,30,28,16,17,63,0.2,1015,31,10,182,14,New_York
2020-07-10,27,25,0.0,9.3,6,63,No moonrise,10:55 AM,05:35 AM,08:28 PM,21,28,28,26,22,83,78,4.7,1013,27,8,99,17,New_York
2020-07-11,33,25,0.0,12.4,6,55,12:02 AM,11:54 AM,05:35 AM,08:28 PM,21,31,31,29,29,56,65,10.1,1006,33,9,202,21,New_York
2020-07-12,32,25,0.0,14.5,7,48,12:25 AM,12:52 PM,05:36 AM,08:27 PM,17,29,29,28,22,28,53,0.3,1007,32,10,254,18,New_York
2020-07-13,30,25,0.0,12.4,6,41,12:49 AM,01:51 PM,05:37 AM,08:27 PM,17,28,28,27,15,48,54,0.6,1009,30,10,242,12,New_York
2020-07-14,30,22,0.0,14.5,7,34,01:13 AM,02:50 PM,05:38 AM,08:26 PM,14,27,27,26,21,15,48,0.0,1013,30,10,322,17,New_York
2020-07-15,28,23,0.0,12.4,6,26,01:40 AM,03:51 PM,05:38 AM,08:25 PM,17,27,27,26,15,34,59,0.0,1019,28,10,110,13,New_York
2020-07-16,26,23,0.0,12.4,5,19,02:10 AM,04:53 PM,05:39 AM,08:25 PM,17,26,26,24,21,40,67,0.0,1024,26,10,155,17,New_York
2020-07-17,29,22,0.0,9.3,6,12,02:45 AM,05:56 PM,05:40 AM,08:24 PM,20,28,28,25,19,75,72,1.0,1019,29,10,184,15,New_York
2020-07-18,35,23,0.0,12.4,7,5,03:28 AM,06:56 PM,05:41 AM,08:23 PM,19,31,31,30,9,42,55,2.1,1017,35,10,217,8,New_York
2020-07-19,34,28,0.0,14.5,8,0,04:19 AM,07:53 PM,05:42 AM,08:23 PM,18,32,32,31,15,8,45,0.0,1015,34,10,222,13,New_York
2020-07-20,36,27,0.0,14.5,7,0,05:19 AM,08:43 PM,05:43 AM,08:22 PM,20,34,34,31,22,30,52,1.7,1012,36,10,230,17,New_York
2020-07-21,33,27,0.0,14.5,8,2,06:25 AM,09:28 PM,05:43 AM,08:21 PM,17,31,31,30,12,14,45,0.0,1016,33,10,264,10,New_York
2020-07-22,33,27,0.0,11.3,7,10,07:36 AM,10:05 PM,05:44 AM,08:20 PM,21,32,32,29,15,59,58,3.3,1015,33,10,178,12,New_York
2020-07-23,32,27,0.0,13.4,6,17,08:49 AM,10:38 PM,05:45 AM,08:20 PM,20,31,31,28,17,53,61,10.6,1015,32,10,240,13,New_York
2020-07-24,31,27,0.0,13.4,6,24,10:02 AM,11:09 PM,05:46 AM,08:19 PM,20,31,31,29,15,51,59,5.5,1016,31,9,163,12,New_York
2020-07-25,32,28,0.0,12.4,7,32,11:14 AM,11:38 PM,05:47 AM,08:18 PM,20,32,32,30,12,61,56,1.2,1018,32,10,174,10,New_York
2020-07-26,35,27,0.0,12.4,7,39,12:25 PM,No moonset,05:48 AM,08:17 PM,19,32,32,31,19,42,53,0.5,1016,35,10,253,15,New_York
2020-07-27,35,30,0.0,14.5,8,46,01:37 PM,12:06 AM,05:49 AM,08:16 PM,18,34,34,32,18,1,45,0.0,1011,35,10,262,15,New_York
2020-07-28,35,29,0.0,13.4,7,53,02:48 PM,12:37 AM,05:50 AM,08:15 PM,20,34,34,31,22,28,50,0.1,1008,35,10,250,17,New_York
2020-07-29,35,28,0.0,14.5,8,61,04:00 PM,01:12 AM,05:51 AM,08:14 PM,18,32,32,31,17,12,47,0.0,1011,35,10,275,14,New_York
2020-07-30,33,27,0.0,13.4,7,68,05:08 PM,01:52 AM,05:51 AM,08:13 PM,17,31,31,30,16,36,47,0.1,1012,33,10,277,13,New_York
2020-07-31,30,26,0.0,9.1,6,72,06:12 PM,02:38 AM,05:52 AM,08:12 PM,18,29,29,28,13,68,53,7.8,1010,30,8,202,9,New_York
2020-08-01,31,24,0.0,14.5,6,82,07:08 PM,03:31 AM,05:53 AM,08:11 PM,18,29,29,27,11,37,60,1.5,1012,31,10,216,9,New_York
2020-08-02,33,26,0.0,9.1,6,90,07:56 PM,04:30 AM,05:54 AM,08:10 PM,21,31,31,29,23,66,64,0.7,1014,33,10,170,18,New_York
2020-08-03,33,27,0.0,14.5,6,97,08:36 PM,05:34 AM,05:55 AM,08:08 PM,18,31,31,29,23,48,52,1.5,1016,33,9,241,18,New_York
2020-08-04,26,23,0.0,9.1,6,100,09:10 PM,06:37 AM,05:56 AM,08:07 PM,19,27,27,25,29,78,67,40.5,1013,26,7,220,19,New_York
2020-08-05,33,25,0.0,11.2,6,88,09:39 PM,07:41 AM,05:57 AM,08:06 PM,19,30,30,28,17,45,58,0.5,1014,33,10,231,13,New_York
2020-08-06,30,25,0.0,13.4,6,81,10:04 PM,08:42 AM,05:58 AM,08:05 PM,15,28,28,28,14,33,48,0.7,1019,30,10,144,12,New_York
2020-08-07,27,21,0.0,10.1,5,74,10:28 PM,09:43 AM,05:59 AM,08:04 PM,18,26,26,24,14,86,69,32.9,1019,27,8,91,10,New_York
2020-08-08,30,23,0.0,11.1,6,67,10:51 PM,10:41 AM,06:00 AM,08:03 PM,20,28,28,26,8,64,68,6.9,1019,30,9,147,6,New_York
2020-08-09,30,25,0.0,9.3,6,59,11:15 PM,11:40 AM,06:01 AM,08:01 PM,20,29,29,27,10,36,65,0.2,1019,30,10,167,8,New_York
2020-08-10,33,24,0.0,11.6,8,52,11:40 PM,12:38 PM,06:02 AM,08:00 PM,19,31,31,29,13,24,52,0.0,1016,33,10,241,10,New_York
2020-08-11,32,28,0.0,10.4,7,45,No moonrise,01:39 PM,06:03 AM,07:59 PM,20,32,32,30,20,31,57,0.2,1015,32,10,204,15,New_York
2020-08-12,32,27,0.0,10.4,7,38,12:08 AM,02:39 PM,06:04 AM,07:57 PM,21,32,32,29,15,43,61,4.6,1016,32,10,186,12,New_York
2020-08-13,29,26,0.0,8.0,6,30,12:40 AM,03:41 PM,06:05 AM,07:56 PM,19,29,29,27,19,71,63,38.4,1018,29,7,110,11,New_York
2020-08-14,30,20,0.0,11.6,7,23,01:20 AM,04:41 PM,06:06 AM,07:55 PM,18,28,28,27,12,43,58,0.2,1017,30,10,118,10,New_York
2020-08-15,28,23,0.0,9.2,6,16,02:06 AM,05:40 PM,06:07 AM,07:53 PM,16,26,26,25,25,48,55,0.0,1015,28,10,72,20,New_York
2020-08-16,23,21,0.0,6.7,5,8,03:02 AM,06:33 PM,06:08 AM,07:52 PM,17,22,24,22,24,97,74,21.4,1014,23,9,65,18,New_York
2020-08-17,26,17,0.0,6.7,5,1,04:05 AM,07:20 PM,06:09 AM,07:51 PM,17,24,24,23,15,87,67,3.5,1011,26,10,92,11,New_York
2020-08-18,30,24,0.0,11.6,6,0,05:16 AM,08:01 PM,06:10 AM,07:49 PM,16,27,27,27,11,59,55,6.4,1010,30,9,247,8,New_York
2020-08-19,29,22,0.0,11.6,7,0,06:29 AM,08:36 PM,06:11 AM,07:48 PM,11,26,26,25,14,18,42,0.0,1014,29,10,303,11,New_York
2020-08-20,30,21,0.0,11.6,7,6,07:45 AM,09:09 PM,06:12 AM,07:46 PM,12,25,25,25,15,9,45,0.0,1017,30,10,85,12,New_York
2020-08-21,28,24,0.0,11.6,7,13,08:59 AM,09:39 PM,06:13 AM,07:45 PM,16,27,27,26,15,10,58,0.0,1016,28,10,210,13,New_York
2020-08-22,30,25,0.0,11.6,7,20,10:13 AM,10:08 PM,06:14 AM,07:43 PM,19,29,29,27,16,33,60,0.1,1014,30,10,212,13,New_York
2020-08-23,30,25,0.0,10.4,6,28,11:27 AM,10:39 PM,06:15 AM,07:42 PM,20,29,29,27,12,44,64,0.7,1016,30,10,211,10,New_York
2020-08-24,34,25,0.0,11.6,8,35,12:40 PM,11:13 PM,06:16 AM,07:40 PM,19,31,31,29,17,45,54,0.6,1015,34,10,253,13,New_York
2020-08-25,33,26,0.0,11.6,8,42,01:52 PM,11:51 PM,06:16 AM,07:39 PM,19,31,31,29,19,22,54,0.0,1010,33,10,278,16,New_York
2020-08-26,26,21,0.0,11.6,5,50,03:02 PM,No moonset,06:17 AM,07:37 PM,9,24,24,24,23,19,40,0.0,1013,26,10,328,19,New_York
2020-08-27,32,23,0.0,9.1,6,57,04:06 PM,12:35 AM,06:18 AM,07:36 PM,17,29,29,27,22,65,56,1.5,1009,32,8,248,18,New_York
2020-08-28,32,27,0.0,7.8,6,64,05:04 PM,01:26 AM,06:19 AM,07:34 PM,20,31,31,29,20,54,58,2.8,1008,32,10,283,15,New_York
2020-08-29,26,19,0.0,6.6,6,71,05:54 PM,02:22 AM,06:20 AM,07:32 PM,20,26,26,24,24,78,72,20.0,1003,26,9,238,17,New_York
2020-08-30,26,20,0.0,11.6,6,79,06:35 PM,03:24 AM,06:21 AM,07:31 PM,13,24,24,23,23,16,51,0.2,1006,26,10,318,18,New_York
2020-08-31,25,21,0.0,11.6,5,82,07:10 PM,04:26 AM,06:22 AM,07:29 PM,11,24,24,22,14,25,48,0.1,1017,25,10,171,12,New_York
2020-09-01,25,22,0.0,9.1,5,97,07:40 PM,05:30 AM,06:23 AM,07:28 PM,16,25,25,23,14,65,65,1.8,1020,25,9,168,11,New_York
2020-09-02,27,21,0.0,6.5,5,100,08:07 PM,06:32 AM,06:24 AM,07:26 PM,21,26,26,24,19,89,77,3.0,1013,27,10,167,14,New_York
2020-09-03,29,26,0.0,10.3,6,88,08:31 PM,07:33 AM,06:25 AM,07:24 PM,20,29,29,27,13,57,66,0.3,1009,29,10,240,10,New_York
2020-09-04,30,25,0.0,11.6,7,81,08:54 PM,08:32 AM,06:26 AM,07:23 PM,15,28,28,27,23,25,51,1.8,1011,30,10,288,18,New_York
2020-09-05,27,20,0.0,11.6,6,73,09:17 PM,09:31 AM,06:27 AM,07:21 PM,7,24,24,24,18,4,36,0.0,1022,27,10,309,15,New_York
2020-09-06,28,23,0.0,11.6,7,66,09:42 PM,10:29 AM,06:28 AM,07:19 PM,11,26,26,25,12,15,42,0.0,1022,28,10,231,10,New_York
2020-09-07,26,23,0.0,11.6,6,58,10:08 PM,11:28 AM,06:29 AM,07:18 PM,14,26,26,24,19,12,54,0.0,1018,26,10,172,16,New_York
2020-09-08,30,20,0.0,11.6,7,50,10:38 PM,12:28 PM,06:30 AM,07:16 PM,18,27,27,25,12,12,62,0.0,1021,30,10,176,10,New_York
2020-09-09,29,23,0.0,11.6,7,43,11:14 PM,01:29 PM,06:31 AM,07:14 PM,18,27,27,26,11,37,63,0.0,1025,29,10,119,10,New_York
2020-09-10,26,21,0.0,6.4,6,35,11:56 PM,02:28 PM,06:32 AM,07:13 PM,21,27,27,25,7,69,76,5.4,1023,26,10,148,5,New_York
2020-09-11,27,24,0.0,6.4,6,28,No moonrise,03:27 PM,06:33 AM,07:11 PM,18,26,26,25,15,85,68,6.9,1020,27,10,111,12,New_York
2020-09-12,24,20,0.0,11.6,6,20,12:46 AM,04:21 PM,06:34 AM,07:09 PM,12,22,23,22,20,20,54,0.1,1023,24,10,94,16,New_York
2020-09-13,25,20,0.0,6.4,5,13,01:45 AM,05:11 PM,06:35 AM,07:08 PM,15,23,23,22,17,78,63,0.0,1020,25,10,145,14,New_York
2020-09-14,28,21,0.0,11.6,5,5,02:52 AM,05:54 PM,06:36 AM,07:06 PM,13,25,25,24,21,34,54,0.2,1018,28,10,300,17,New_York
2020-09-15,23,14,0.0,11.6,5,0,04:04 AM,06:31 PM,06:37 AM,07:04 PM,5,18,18,18,19,0,42,0.0,1026,23,10,80,16,New_York
2020-09-16,24,16,0.0,11.6,6,0,05:19 AM,07:05 PM,06:38 AM,07:02 PM,11,21,22,21,19,3,54,0.0,1023,24,10,199,16,New_York
2020-09-17,26,20,0.0,11.6,6,0,06:35 AM,07:36 PM,06:39 AM,07:01 PM,15,23,23,23,15,20,61,0.0,1017,26,10,229,12,New_York
2020-09-18,19,17,0.0,6.1,4,2,07:51 AM,08:06 PM,06:40 AM,06:59 PM,9,18,19,18,25,82,54,2.7,1017,19,10,36,20,New_York
2020-09-19,21,12,0.0,11.6,5,10,09:08 AM,08:37 PM,06:41 AM,06:57 PM,-1,15,16,15,23,0,31,0.0,1025,21,10,29,18,New_York
2020-09-20,18,12,0.0,11.6,5,17,10:24 AM,09:11 PM,06:42 AM,06:56 PM,-2,14,15,14,21,6,32,0.0,1031,18,10,33,17,New_York
2020-09-21,22,13,0.0,11.6,5,25,11:40 AM,09:48 PM,06:43 AM,06:54 PM,-0,17,17,17,15,0,32,0.0,1032,22,10,48,13,New_York
2020-09-22,23,15,0.0,11.6,5,32,12:52 PM,10:31 PM,06:44 AM,06:52 PM,2,18,19,18,18,0,34,0.0,1021,23,10,225,15,New_York
2020-09-23,26,16,0.0,11.6,6,40,02:01 PM,11:21 PM,06:45 AM,06:51 PM,8,21,21,21,22,3,46,0.0,1012,26,10,314,17,New_York
2020-09-24,26,20,0.0,7.4,5,47,03:01 PM,No moonset,06:46 AM,06:49 PM,12,24,24,23,12,38,52,0.0,1015,26,10,266,10,New_York
2020-09-25,26,21,0.0,11.6,6,55,03:53 PM,12:16 AM,06:47 AM,06:47 PM,14,24,24,23,14,11,56,0.0,1018,26,10,224,12,New_York
2020-09-26,24,20,0.0,10.2,5,62,04:37 PM,01:17 AM,06:48 AM,06:45 PM,16,24,24,22,15,29,66,0.0,1019,24,10,198,12,New_York
2020-09-27,26,21,0.0,11.6,6,70,05:13 PM,02:19 AM,06:49 AM,06:44 PM,18,24,24,23,11,16,75,0.0,1016,26,10,173,9,New_York
2020-09-28,26,22,0.0,7.4,5,78,05:44 PM,03:22 AM,06:50 AM,06:42 PM,18,26,26,24,22,58,74,0.5,1013,26,10,179,16,New_York
2020-09-29,24,22,0.0,5.9,5,85,06:11 PM,04:24 AM,06:51 AM,06:40 PM,19,25,25,22,21,84,80,9.6,1012,24,9,190,15,New_York
2020-09-30,22,18,0.0,7.4,4,93,06:35 PM,05:25 AM,06:52 AM,06:39 PM,13,20,22,20,30,71,65,56.2,1006,22,7,234,23,New_York
2020-10-01,24,18,0.0,11.6,6,97,06:58 PM,06:24 AM,06:53 AM,06:37 PM,8,21,21,21,22,16,44,0.0,1013,24,10,244,16,New_York
2020-10-02,19,14,0.0,7.3,4,100,07:21 PM,07:23 AM,06:54 AM,06:35 PM,7,17,17,17,12,71,54,8.3,1015,19,9,257,10,New_York
2020-10-03,22,14,0.0,10.2,4,89,07:45 PM,08:21 AM,06:55 AM,06:34 PM,6,18,18,18,12,17,46,0.0,1020,22,10,300,10,New_York
2020-10-04,20,14,0.0,11.6,5,82,08:10 PM,09:21 AM,06:56 AM,06:32 PM,5,17,17,17,12,17,46,0.0,1024,20,10,118,10,New_York
2020-10-05,22,16,0.0,5.9,4,74,08:38 PM,10:20 AM,06:57 AM,06:30 PM,10,19,19,19,9,67,58,0.3,1020,22,10,155,7,New_York
2020-10-06,23,17,0.0,11.6,6,67,09:11 PM,11:21 AM,06:58 AM,06:29 PM,10,20,20,20,15,21,55,0.6,1019,23,10,219,12,New_York
2020-10-07,23,17,0.0,11.6,5,60,09:50 PM,12:20 PM,06:59 AM,06:27 PM,9,20,20,20,31,31,51,0.1,1009,23,10,254,23,New_York
2020-10-08,17,13,0.0,11.3,4,53,10:36 PM,01:19 PM,07:00 AM,06:26 PM,3,14,15,14,30,2,45,0.0,1014,17,10,313,24,New_York
2020-10-09,20,13,0.0,11.2,5,45,11:31 PM,02:13 PM,07:01 AM,06:24 PM,6,16,16,16,17,5,49,0.0,1021,20,10,268,14,New_York
2020-10-10,25,16,0.0,11.2,6,38,No moonrise,03:03 PM,07:02 AM,06:22 PM,12,20,21,20,28,8,59,0.0,1017,25,10,224,20,New_York
2020-10-11,21,17,0.0,8.6,4,31,12:32 AM,03:47 PM,07:04 AM,06:21 PM,13,20,20,20,19,59,66,0.1,1018,21,10,131,15,New_York
2020-10-12,13,9,0.0,5.6,3,23,01:40 AM,04:26 PM,07:05 AM,06:19 PM,11,11,13,11,35,100,84,52.9,1017,13,6,63,26,New_York
2020-10-13,21,9,0.0,7.1,4,16,02:52 AM,05:00 PM,07:06 AM,06:18 PM,14,17,17,17,27,82,80,14.6,1011,21,8,127,19,New_York
2020-10-14,23,14,0.0,11.1,5,9,04:06 AM,05:32 PM,07:07 AM,06:16 PM,6,18,19,18,15,6,46,0.0,1016,23,10,302,12,New_York
2020-10-15,23,16,0.0,11.1,5,2,05:23 AM,06:02 PM,07:08 AM,06:15 PM,9,19,19,19,24,7,53,0.0,1016,23,10,204,18,New_York
2020-10-16,16,13,0.0,5.5,4,0,06:39 AM,06:32 PM,07:09 AM,06:13 PM,9,16,16,16,16,75,64,3.7,1020,16,8,252,12,New_York
2020-10-17,16,9,0.0,11.0,3,0,07:57 AM,07:05 PM,07:10 AM,06:12 PM,1,11,12,11,21,40,49,16.6,1023,16,9,314,17,New_York
2020-10-18,17,13,0.0,10.1,4,5,09:16 AM,07:41 PM,07:11 AM,06:10 PM,2,15,15,15,13,18,43,0.0,1029,17,10,166,10,New_York
2020-10-19,19,15,0.0,11.0,5,13,10:33 AM,08:23 PM,07:12 AM,06:09 PM,10,17,17,17,12,35,67,0.0,1027,19,10,182,9,New_York
2020-10-20,23,16,0.0,10.1,4,20,11:47 AM,09:12 PM,07:13 AM,06:07 PM,14,19,19,19,13,58,75,0.2,1024,23,9,222,9,New_York
2020-10-21,23,18,0.0,5.5,5,27,12:53 PM,10:07 PM,07:15 AM,06:06 PM,18,21,22,21,14,80,85,1.5,1024,23,7,152,9,New_York
2020-10-22,26,19,0.0,10.9,6,35,01:50 PM,11:08 PM,07:16 AM,06:05 PM,17,23,23,22,9,34,74,0.0,1024,26,10,150,6,New_York
2020-10-23,19,17,0.0,5.4,4,42,02:37 PM,No moonset,07:17 AM,06:03 PM,16,19,19,19,14,74,86,0.1,1022,19,10,143,11,New_York
2020-10-24,23,17,0.0,8.5,5,49,03:16 PM,12:11 AM,07:18 AM,06:02 PM,14,19,20,19,17,59,74,0.4,1016,23,10,249,13,New_York
2020-10-25,10,5,0.0,5.4,2,56,03:49 PM,01:15 AM,07:19 AM,06:01 PM,3,7,10,7,19,78,61,9.0,1021,10,9,63,15,New_York
2020-10-26,16,6,0.0,3.9,3,64,04:16 PM,02:17 AM,07:20 AM,05:59 PM,11,12,14,12,19,100,79,1.9,1022,16,7,107,14,New_York
2020-10-27,17,14,0.0,8.7,5,71,04:40 PM,03:18 AM,07:21 AM,05:58 PM,8,15,15,15,13,63,65,0.0,1021,17,10,278,10,New_York
2020-10-28,17,12,0.0,5.5,3,78,05:04 PM,04:17 AM,07:23 AM,05:57 PM,6,14,15,14,15,63,54,0.0,1020,17,10,263,12,New_York
2020-10-29,13,10,0.0,3.9,3,85,05:26 PM,05:16 AM,07:24 AM,05:55 PM,8,10,12,10,19,87,76,43.5,1011,13,7,136,15,New_York
2020-10-30,9,4,0.0,3.9,2,93,05:49 PM,06:15 AM,07:25 AM,05:54 PM,2,5,8,5,23,88,67,4.8,1014,9,7,20,18,New_York
2020-10-31,12,0,0.0,8.7,3,97,06:13 PM,07:14 AM,07:26 AM,05:53 PM,-2,5,7,5,12,15,53,0.0,1030,12,10,160,10,New_York
2020-11-01,15,5,0.0,3.8,3,89,06:41 PM,08:13 AM,07:27 AM,05:52 PM,6,9,11,9,29,72,68,7.8,1017,15,10,211,21,New_York
2020-11-02,7,4,0.0,7.1,2,81,07:12 PM,09:14 AM,07:28 AM,05:51 PM,-4,1,6,1,40,46,49,0.2,1005,7,10,289,31,New_York
2020-11-03,10,5,0.0,5.5,2,74,07:49 PM,10:14 AM,07:30 AM,05:50 PM,-3,4,7,4,33,48,47,0.1,1016,10,10,280,24,New_York
2020-11-04,15,7,0.0,8.7,4,66,08:32 PM,11:13 AM,07:31 AM,05:48 PM,0,10,10,10,12,4,50,0.0,1031,15,10,132,10,New_York
2020-11-05,18,13,0.0,7.1,4,58,09:23 PM,12:09 PM,07:32 AM,05:47 PM,8,14,15,14,22,39,63,0.0,1029,18,10,219,15,New_York
2020-11-06,21,14,0.0,8.7,5,51,10:21 PM,01:00 PM,07:33 AM,05:46 PM,10,17,17,17,15,21,68,0.0,1026,21,10,236,11,New_York
2020-11-07,22,15,0.0,8.7,5,43,11:25 PM,01:45 PM,07:34 AM,05:45 PM,10,18,19,18,11,4,61,0.0,1026,22,10,264,9,New_York
2020-11-08,24,17,0.0,8.7,6,36,No moonrise,02:24 PM,07:36 AM,05:44 PM,12,20,20,20,6,0,61,0.0,1028,24,10,218,5,New_York
2020-11-09,23,18,0.0,8.7,6,28,12:33 AM,02:59 PM,07:37 AM,05:43 PM,12,20,21,20,7,0,57,0.0,1027,23,10,249,6,New_York
2020-11-10,21,17,0.0,8.7,4,21,01:44 AM,03:30 PM,07:38 AM,05:42 PM,14,19,19,19,14,23,74,0.0,1023,21,10,218,11,New_York
2020-11-11,21,17,0.0,3.8,4,13,02:57 AM,03:59 PM,07:39 AM,05:41 PM,16,19,19,19,22,82,87,9.0,1018,21,9,201,14,New_York
2020-11-12,18,9,0.0,3.8,3,6,04:11 AM,04:28 PM,07:40 AM,05:40 PM,11,15,16,15,18,92,78,26.8,1014,18,7,200,14,New_York
2020-11-13,15,12,0.0,3.7,3,0,05:27 AM,04:59 PM,07:41 AM,05:40 PM,8,12,13,12,16,71,71,7.9,1016,15,6,175,12,New_York
2020-11-14,11,7,0.0,8.7,3,0,06:44 AM,05:33 PM,07:43 AM,05:39 PM,-0,7,9,7,20,1,52,0.0,1020,11,10,309,16,New_York
2020-11-15,14,7,0.0,7.0,3,0,08:03 AM,06:11 PM,07:44 AM,05:38 PM,2,9,11,9,30,43,57,15.5,1015,14,9,176,20,New_York
2020-11-16,10,8,0.0,8.7,3,2,09:22 AM,06:57 PM,07:45 AM,05:37 PM,-2,5,9,5,37,17,47,10.0,1011,10,10,267,27,New_York
2020-11-17,9,6,0.0,7.0,2,9,10:34 AM,07:51 PM,07:46 AM,05:36 PM,-4,3,7,3,28,34,45,0.0,1015,9,10,286,21,New_York
2020-11-18,4,0,0.0,8.7,2,17,11:38 AM,08:52 PM,07:47 AM,05:36 PM,-10,-3,2,-3,29,0,41,0.0,1028,4,10,321,23,New_York
2020-11-19,9,2,0.0,7.0,2,24,12:31 PM,09:57 PM,07:48 AM,05:35 PM,-5,2,5,2,22,36,47,0.0,1032,9,10,242,16,New_York
2020-11-20,14,8,0.0,8.7,4,32,01:15 PM,11:02 PM,07:49 AM,05:34 PM,1,8,10,8,25,8,54,0.0,1028,14,10,233,17,New_York
2020-11-21,15,10,0.0,8.7,3,39,01:51 PM,No moonset,07:51 AM,05:34 PM,5,11,12,11,16,43,64,0.0,1027,15,10,274,11,New_York
2020-11-22,10,6,0.0,3.7,2,47,02:20 PM,12:07 AM,07:52 AM,05:33 PM,4,6,9,6,23,83,70,1.0,1029,10,10,70,16,New_York
2020-11-23,14,6,0.0,7.0,3,54,02:46 PM,01:09 AM,07:53 AM,05:32 PM,5,8,11,8,32,49,67,6.4,1016,14,10,258,23,New_York
2020-11-24,8,4,0.0,8.7,3,62,03:09 PM,02:10 AM,07:54 AM,05:32 PM,-3,3,6,3,24,5,52,0.0,1026,8,10,308,18,New_York
2020-11-25,12,6,0.0,8.7,3,70,03:32 PM,03:09 AM,07:55 AM,05:32 PM,-0,8,9,8,15,37,51,0.0,1027,12,10,171,11,New_York
2020-11-26,16,12,0.0,3.7,3,77,03:54 PM,04:07 AM,07:56 AM,05:31 PM,12,13,14,13,14,94,89,16.3,1019,16,9,204,9,New_York
2020-11-27,15,10,0.0,8.7,3,85,04:17 PM,05:06 AM,07:57 AM,05:31 PM,7,12,12,12,14,28,70,0.0,1017,15,10,286,10,New_York
2020-11-28,12,9,0.0,7.0,3,92,04:44 PM,06:05 AM,07:58 AM,05:30 PM,3,10,11,10,18,69,56,0.2,1015,12,10,286,14,New_York
2020-11-29,13,8,0.0,8.7,4,100,05:14 PM,07:06 AM,07:59 AM,05:30 PM,-0,8,10,8,14,7,49,0.0,1020,13,10,250,11,New_York
2020-11-30,15,7,0.0,5.2,3,100,05:49 PM,08:07 AM,08:00 AM,05:30 PM,9,10,12,10,31,74,79,27.5,1009,15,8,158,20,New_York
2020-12-01,11,6,0.0,3.5,2,89,06:30 PM,09:07 AM,08:01 AM,05:29 PM,4,8,10,8,25,75,68,3.5,1002,11,10,226,18,New_York
2020-12-02,6,3,0.0,8.7,1,82,07:19 PM,10:05 AM,08:02 AM,05:29 PM,-4,0,5,0,31,39,55,0.0,1014,6,10,251,24,New_York
2020-12-03,8,3,0.0,5.2,2,75,08:15 PM,10:58 AM,08:03 AM,05:29 PM,-3,2,5,2,23,33,54,0.0,1023,8,10,259,17,New_York
2020-12-04,9,7,0.0,3.5,2,67,09:17 PM,11:45 AM,08:04 AM,05:29 PM,0,5,8,5,22,77,58,0.4,1019,9,9,232,16,New_York
2020-12-05,8,0,0.0,3.5,2,60,10:23 PM,12:25 PM,08:05 AM,05:29 PM,4,3,6,3,31,96,84,66.8,1006,8,7,174,23,New_York
2020-12-06,4,1,0.0,8.7,2,53,11:32 PM,01:01 PM,08:06 AM,05:29 PM,-6,-3,2,-3,32,0,52,0.0,1009,4,10,302,24,New_York
2020-12-07,4,1,0.0,8.7,2,46,No moonrise,01:32 PM,08:07 AM,05:29 PM,-7,-3,2,-3,22,19,52,0.0,1009,4,10,305,17,New_York
2020-12-08,4,-0,0.0,8.7,2,38,12:41 AM,02:00 PM,08:08 AM,05:29 PM,-7,-3,2,-3,22,15,51,0.0,1008,4,10,326,17,New_York
2020-12-09,5,1,0.4,5.2,1,31,01:52 AM,02:28 PM,08:09 AM,05:29 PM,-3,-1,3,-1,26,50,65,2.8,1009,5,9,268,18,New_York
2020-12-10,8,3,0.0,8.7,3,24,03:04 AM,02:56 PM,08:09 AM,05:29 PM,-1,2,5,2,23,17,66,0.0,1016,8,10,297,16,New_York
2020-12-11,11,5,0.0,8.7,3,17,04:18 AM,03:27 PM,08:10 AM,05:29 PM,2,5,7,5,15,13,71,0.0,1022,11,10,236,11,New_York
2020-12-12,11,6,0.0,3.4,2,9,05:35 AM,04:02 PM,08:11 AM,05:29 PM,9,9,9,9,10,72,94,3.8,1018,11,6,171,6,New_York
2020-12-13,13,6,0.0,6.9,3,2,06:52 AM,04:43 PM,08:12 AM,05:29 PM,6,9,11,9,26,39,70,0.0,1015,13,10,243,17,New_York
2020-12-14,5,-2,0.0,3.4,1,0,08:08 AM,05:33 PM,08:12 AM,05:30 PM,0,1,4,1,20,71,78,35.0,1012,5,7,251,14,New_York
2020-12-15,2,-3,0.0,8.7,1,0,09:18 AM,06:31 PM,08:13 AM,05:30 PM,-10,-4,1,-4,27,32,45,0.0,1023,2,10,321,20,New_York
2020-12-16,1,-2,0.5,5.2,1,5,10:18 AM,07:36 PM,08:14 AM,05:30 PM,-11,-5,-0,-5,22,83,46,4.1,1027,1,8,83,16,New_York
2020-12-17,-1,-4,13.1,3.4,1,12,11:07 AM,08:43 PM,08:14 AM,05:31 PM,-3,-7,-2,-7,33,93,92,40.2,1018,-1,4,37,23,New_York
2020-12-18,-1,-7,0.1,6.9,1,20,11:48 AM,09:51 PM,08:15 AM,05:31 PM,-6,-8,-4,-8,16,48,90,0.2,1025,-1,9,280,10,New_York
2020-12-19,-3,-10,0.0,8.7,1,27,12:20 PM,10:56 PM,08:16 AM,05:31 PM,-8,-9,-7,-9,10,42,91,0.0,1029,-3,9,306,5,New_York
2020-12-20,2,-7,0.0,3.4,1,34,12:48 PM,11:58 PM,08:16 AM,05:32 PM,-2,-3,-1,-3,10,70,90,6.6,1022,2,9,230,6,New_York
2020-12-21,1,-4,0.0,3.4,1,41,01:13 PM,No moonset,08:17 AM,05:32 PM,1,-2,0,-2,10,94,98,0.0,1011,1,0,299,6,New_York
2020-12-22,3,-0,0.0,5.2,1,49,01:36 PM,12:59 AM,08:17 AM,05:33 PM,1,-1,1,-1,18,64,93,3.8,1009,3,7,245,10,New_York
2020-12-23,2,-1,0.0,8.7,2,56,01:58 PM,01:58 AM,08:18 AM,05:33 PM,-2,-2,1,-2,17,7,81,0.0,1026,2,10,252,10,New_York
2020-12-24,12,-0,0.0,5.2,2,63,02:21 PM,02:56 AM,08:18 AM,05:34 PM,7,5,9,5,49,71,85,1.6,1019,12,9,166,27,New_York
2020-12-25,15,1,0.0,3.4,2,70,02:46 PM,03:55 AM,08:18 AM,05:35 PM,6,6,9,6,52,84,77,90.0,1001,15,8,208,33,New_York
2020-12-26,-1,-3,0.0,8.7,2,78,03:14 PM,04:55 AM,08:19 AM,05:35 PM,-10,-8,-2,-8,30,40,52,0.0,1011,-1,10,258,24,New_York
2020-12-27,3,-2,0.0,8.7,1,85,03:47 PM,05:56 AM,08:19 AM,05:36 PM,-7,-4,0,-4,16,19,57,0.0,1022,3,10,242,12,New_York
2020-12-28,7,-2,0.0,5.2,2,92,04:26 PM,06:57 AM,08:19 AM,05:37 PM,-0,1,5,1,25,52,70,0.1,1021,7,10,215,16,New_York
2020-12-29,3,0,0.0,8.7,2,100,05:13 PM,07:57 AM,08:19 AM,05:37 PM,-7,-3,2,-3,28,10,52,0.0,1027,3,10,303,21,New_York
2020-12-30,3,-4,0.0,8.7,2,100,06:07 PM,08:52 AM,08:20 AM,05:38 PM,-10,-3,0,-3,18,20,44,0.0,1030,3,10,251,13,New_York
2020-12-31,7,-1,0.0,3.4,2,89,07:09 PM,09:43 AM,08:20 AM,05:39 PM,1,2,5,2,28,79,71,2.5,1021,7,8,275,18,New_York
2021-01-01,5,1,0.0,7.0,1,79,08:15 PM,10:25 AM,08:20 AM,05:40 PM,-3,1,3,1,10,40,65,3.2,1030,5,10,118,8,New_York
2021-01-02,12,1,0.0,5.2,2,71,09:24 PM,11:03 AM,08:20 AM,05:41 PM,5,5,8,5,29,69,79,21.9,1013,12,9,217,19,New_York
2021-01-03,5,3,0.0,3.5,1,64,10:33 PM,11:36 AM,08:20 AM,05:42 PM,0,1,4,1,21,73,76,11.6,1017,5,9,81,15,New_York
2021-01-04,6,2,0.0,5.2,1,57,11:43 PM,12:04 PM,08:20 AM,05:43 PM,1,2,4,2,15,78,79,2.4,1014,6,10,142,11,New_York
2021-01-05,5,3,0.0,3.5,1,50,No moonrise,12:31 PM,08:20 AM,05:43 PM,-2,1,4,1,12,86,69,0.0,1013,5,10,117,9,New_York
2021-01-06,4,1,0.0,8.7,1,42,12:53 AM,12:59 PM,08:20 AM,05:44 PM,-3,-1,2,-1,18,30,66,0.0,1016,4,10,336,14,New_York
2021-01-07,6,0,0.0,7.0,1,35,02:04 AM,01:28 PM,08:20 AM,05:45 PM,-4,-1,3,-1,19,17,60,0.0,1018,6,10,329,15,New_York
2021-01-08,4,0,0.0,7.0,1,28,03:17 AM,01:59 PM,08:20 AM,05:46 PM,-6,-1,2,-1,15,46,54,0.0,1017,4,10,293,12,New_York
2021-01-09,3,-1,0.0,8.7,2,20,04:31 AM,02:36 PM,08:20 AM,05:47 PM,-8,-3,1,-3,21,20,53,0.0,1012,3,10,220,16,New_York
2021-01-10,5,-0,0.0,8.7,2,13,05:46 AM,03:21 PM,08:19 AM,05:48 PM,-6,-1,2,-1,12,8,55,0.0,1021,5,10,302,10,New_York
2021-01-11,4,1,0.0,5.2,1,6,06:56 AM,04:13 PM,08:19 AM,05:49 PM,-6,1,2,1,8,61,55,0.0,1026,4,10,283,6,New_York
2021-01-12,6,1,0.0,8.7,1,0,08:01 AM,05:15 PM,08:19 AM,05:51 PM,-3,0,3,0,17,34,64,0.0,1021,6,10,257,12,New_York
2021-01-13,6,2,0.0,8.7,2,0,08:55 AM,06:21 PM,08:18 AM,05:52 PM,-4,1,3,1,16,24,60,0.0,1017,6,10,264,11,New_York
2021-01-14,7,3,0.0,7.0,1,1,09:40 AM,07:30 PM,08:18 AM,05:53 PM,-0,3,5,3,11,47,70,0.0,1011,7,10,241,8,New_York
2021-01-15,8,3,0.0,3.5,2,8,10:17 AM,08:37 PM,08:18 AM,05:54 PM,2,3,6,3,21,69,77,0.5,1009,8,10,124,13,New_York
2021-01-16,8,3,0.0,7.0,2,16,10:47 AM,09:43 PM,08:17 AM,05:55 PM,2,3,7,3,31,86,74,34.4,999,8,8,190,22,New_York
2021-01-17,6,3,0.0,8.7,2,23,11:14 AM,10:45 PM,08:17 AM,05:56 PM,-4,-1,4,-1,33,16,57,0.0,1001,6,10,261,23,New_York
2021-01-18,6,2,0.0,7.0,1,30,11:38 AM,11:45 PM,08:16 AM,05:57 PM,-4,-0,4,-0,25,58,60,0.0,1006,6,10,264,18,New_York
2021-01-19,5,1,0.0,8.7,2,38,12:00 PM,No moonset,08:16 AM,05:58 PM,-5,-1,3,-1,23,28,58,0.0,1016,5,10,266,17,New_York
2021-01-20,2,-1,0.0,4.9,1,45,12:23 PM,12:44 AM,08:15 AM,06:00 PM,-9,-4,1,-4,29,64,50,0.2,1016,2,9,294,21,New_York
2021-01-21,4,-2,0.0,9.9,1,52,12:47 PM,01:44 AM,08:14 AM,06:01 PM,-8,-3,1,-3,22,36,52,0.0,1010,4,10,254,16,New_York
2021-01-22,5,2,0.0,9.9,1,59,01:14 PM,02:43 AM,08:14 AM,06:02 PM,-5,-2,3,-2,26,25,60,0.0,1006,5,10,276,18,New_York
2021-01-23,-2,-4,0.0,9.9,1,67,01:45 PM,03:44 AM,08:13 AM,06:03 PM,-13,-9,-2,-9,35,30,42,0.0,1016,-2,10,310,27,New_York
2021-01-24,0,-4,0.0,8.3,1,74,02:20 PM,04:44 AM,08:12 AM,06:04 PM,-13,-9,-2,-9,31,38,45,0.0,1021,0,10,307,23,New_York
2021-01-25,3,-2,0.0,9.9,1,81,03:04 PM,05:45 AM,08:12 AM,06:05 PM,-10,-3,0,-3,13,37,47,0.0,1019,3,10,271,10,New_York
2021-01-26,0,-4,0.5,5.0,1,88,03:56 PM,06:42 AM,08:11 AM,06:07 PM,-5,-3,-0,-3,15,66,70,6.2,1016,0,8,60,11,New_York
2021-01-27,5,-4,0.0,9.9,1,96,04:55 PM,07:35 AM,08:10 AM,06:08 PM,-0,-0,2,-0,16,71,81,0.8,1012,5,6,253,11,New_York
2021-01-28,-1,-6,0.0,10.0,2,100,06:01 PM,08:21 AM,08:09 AM,06:09 PM,-9,-8,-2,-8,31,21,58,0.0,1017,-1,10,336,25,New_York
2021-01-29,-5,-8,0.0,10.0,1,90,07:11 PM,09:01 AM,08:08 AM,06:10 PM,-17,-15,-7,-15,39,40,45,0.0,1021,-5,10,323,31,New_York
2021-01-30,-3,-8,0.0,10.0,2,82,08:22 PM,09:36 AM,08:07 AM,06:11 PM,-16,-13,-6,-13,26,1,45,0.0,1025,-3,10,321,20,New_York
2021-01-31,-1,-6,0.1,6.7,1,79,09:34 PM,10:07 AM,08:07 AM,06:13 PM,-14,-7,-4,-7,11,59,46,0.1,1026,-1,10,150,9,New_York
2021-02-01,0,-3,1.3,5.0,1,63,10:44 PM,10:35 AM,08:06 AM,06:14 PM,-1,-7,-1,-7,48,99,94,24.2,1012,0,0,52,33,New_York
2021-02-02,0,-5,4.4,5.1,1,55,11:56 PM,11:02 AM,08:05 AM,06:15 PM,-1,-7,-1,-7,48,100,95,19.9,997,0,2,244,33,New_York
2021-02-03,0,-4,2.0,6.7,1,48,No moonrise,11:31 AM,08:04 AM,06:16 PM,-4,-8,-2,-8,30,68,84,4.3,1000,0,8,304,19,New_York
2021-02-04,2,-2,0.0,10.2,2,40,01:08 AM,12:01 PM,08:03 AM,06:18 PM,-4,-5,-1,-5,24,25,80,0.0,1010,2,10,304,16,New_York
2021-02-05,4,-4,0.0,5.1,1,33,02:20 AM,12:35 PM,08:02 AM,06:19 PM,-0,-2,2,-2,22,62,88,5.3,1007,4,10,222,13,New_York
2021-02-06,3,-1,0.0,10.2,2,25,03:34 AM,01:16 PM,08:00 AM,06:20 PM,-7,-4,1,-4,27,15,57,0.0,1015,3,10,257,19,New_York
2021-02-07,0,-2,15.3,5.3,1,18,04:44 AM,02:04 PM,07:59 AM,06:21 PM,-3,-4,-1,-4,18,92,84,18.0,1016,0,5,133,13,New_York
2021-02-08,-1,-8,0.0,10.6,2,10,05:49 AM,03:00 PM,07:58 AM,06:22 PM,-9,-10,-5,-10,18,15,70,0.0,1027,-1,10,297,14,New_York
2021-02-09,1,-5,1.5,5.3,1,3,06:46 AM,04:04 PM,07:57 AM,06:24 PM,-3,-4,-2,-4,9,85,93,12.8,1025,1,6,213,6,New_York
2021-02-10,-3,-7,0.0,10.0,1,0,07:34 AM,05:11 PM,07:56 AM,06:25 PM,-7,-9,-5,-9,18,57,83,0.0,1027,-3,10,319,11,New_York
2021-02-11,-1,-5,0.5,8.5,1,0,08:13 AM,06:19 PM,07:55 AM,06:26 PM,-6,-8,-4,-8,13,78,85,0.8,1027,-1,8,331,9,New_York
2021-02-12,-3,-9,0.0,10.0,1,0,08:45 AM,07:26 PM,07:54 AM,06:27 PM,-9,-10,-6,-10,11,63,82,0.0,1027,-3,10,56,8,New_York
2021-02-13,-3,-10,0.0,10.0,1,5,09:14 AM,08:29 PM,07:52 AM,06:29 PM,-9,-11,-7,-11,14,46,86,0.0,1028,-3,10,38,10,New_York
2021-02-14,1,-7,0.0,5.4,1,12,09:39 AM,09:32 PM,07:51 AM,06:30 PM,-2,-5,-1,-5,15,100,95,2.8,1023,1,4,31,10,New_York
2021-02-15,-0,-6,0.0,5.4,1,20,10:02 AM,10:32 PM,07:50 AM,06:31 PM,-1,-5,-1,-5,14,92,94,4.3,1020,-0,7,21,10,New_York
2021-02-16,5,-3,0.0,7.0,1,27,10:24 AM,11:32 PM,07:48 AM,06:32 PM,1,-2,2,-2,25,81,93,44.5,1007,5,7,170,14,New_York
2021-02-17,-2,-7,0.0,10.9,2,35,10:48 AM,No moonset,07:47 AM,06:33 PM,-10,-10,-4,-10,25,25,61,0.0,1024,-2,10,310,19,New_York
2021-02-18,-3,-8,16.5,5.4,1,42,11:13 AM,12:31 AM,07:46 AM,06:35 PM,-5,-7,-4,-7,20,96,84,27.6,1028,-3,4,109,14,New_York
2021-02-19,0,-7,2.5,5.5,1,50,11:42 AM,01:31 AM,07:44 AM,06:36 PM,-1,-5,-1,-5,19,100,97,18.6,1017,0,6,77,13,New_York
2021-02-20,-1,-6,0.0,8.5,1,58,12:15 PM,02:31 AM,07:43 AM,06:37 PM,-6,-9,-4,-9,27,50,82,0.2,1020,-1,10,307,17,New_York
2021-02-21,2,-7,0.0,11.0,2,65,12:55 PM,03:32 AM,07:42 AM,06:38 PM,-6,-8,-3,-8,20,10,81,0.0,1031,2,10,293,13,New_York
2021-02-22,2,-3,0.3,5.5,1,73,01:42 PM,04:29 AM,07:40 AM,06:39 PM,-2,-4,-0,-4,23,93,88,12.3,1021,2,7,215,14,New_York
2021-02-23,3,-4,0.0,10.1,1,80,02:38 PM,05:24 AM,07:39 AM,06:41 PM,-1,-3,1,-3,27,42,86,0.0,1007,3,10,260,17,New_York
2021-02-24,6,-3,0.0,11.1,1,88,03:42 PM,06:13 AM,07:37 AM,06:42 PM,0,-1,2,-1,25,27,82,0.1,1013,6,10,242,15,New_York
2021-02-25,5,0,0.0,11.1,2,95,04:50 PM,06:56 AM,07:36 AM,06:43 PM,-4,-1,3,-1,25,25,61,0.2,1019,5,10,307,17,New_York
2021-02-26,7,0,0.0,11.1,2,100,06:02 PM,07:33 AM,07:34 AM,06:44 PM,-6,1,4,1,11,14,52,0.0,1030,7,10,257,9,New_York
2021-02-27,9,3,0.0,5.6,2,90,07:16 PM,08:05 AM,07:33 AM,06:45 PM,4,3,6,3,26,87,87,8.1,1024,9,7,187,15,New_York
2021-02-28,5,1,0.0,7.1,1,82,08:29 PM,08:35 AM,07:31 AM,06:46 PM,4,2,5,2,14,64,92,17.3,1020,5,9,154,9,New_York
2021-03-01,7,-1,0.0,5.6,2,79,09:43 PM,09:04 AM,07:30 AM,06:48 PM,2,2,5,2,25,89,81,19.1,1009,7,7,223,16,New_York
2021-03-02,2,-5,0.0,10.1,1,72,10:57 PM,09:32 AM,07:28 AM,06:49 PM,-14,-8,-2,-8,31,16,38,0.0,1020,2,10,295,24,New_York
2021-03-03,9,-3,0.0,11.2,2,65,No moonrise,10:02 AM,07:27 AM,06:50 PM,-6,1,4,1,22,18,48,0.0,1014,9,10,266,15,New_York
2021-03-04,4,-1,0.0,11.3,2,57,12:11 AM,10:35 AM,07:25 AM,06:51 PM,-5,-2,3,-2,29,11,57,0.0,1012,4,10,314,22,New_York
2021-03-05,1,-4,0.0,11.3,2,50,01:26 AM,11:15 AM,07:24 AM,06:52 PM,-14,-8,-2,-8,32,6,40,0.0,1013,1,10,307,26,New_York
2021-03-06,2,-2,0.0,7.1,1,43,02:37 AM,12:00 PM,07:22 AM,06:53 PM,-11,-6,-0,-6,26,48,46,0.0,1017,2,10,301,20,New_York
2021-03-07,3,-3,0.0,11.3,2,35,03:44 AM,12:54 PM,07:20 AM,06:54 PM,-10,-5,-0,-5,19,11,49,0.0,1025,3,10,323,16,New_York
2021-03-08,4,-3,0.0,11.4,2,28,04:42 AM,01:54 PM,07:19 AM,06:55 PM,-13,-4,-0,-4,13,9,39,0.0,1030,4,10,291,11,New_York
2021-03-09,12,2,0.0,10.1,2,21,05:32 AM,02:59 PM,07:17 AM,06:57 PM,-1,4,7,4,22,38,59,0.0,1029,12,10,273,15,New_York
2021-03-10,9,5,0.0,11.4,2,14,06:12 AM,04:06 PM,07:16 AM,06:58 PM,1,5,7,5,13,18,65,0.0,1032,9,10,123,10,New_York
2021-03-11,17,4,0.0,11.5,4,6,06:46 AM,05:13 PM,07:14 AM,06:59 PM,5,10,11,10,20,20,70,0.0,1025,17,9,206,13,New_York
2021-03-12,16,12,0.0,10.2,3,0,07:15 AM,06:17 PM,07:12 AM,07:00 PM,3,13,14,13,31,30,49,1.0,1020,16,9,270,20,New_York
2021-03-13,10,0,0.0,11.6,3,0,07:41 AM,07:20 PM,07:11 AM,07:01 PM,-11,2,6,2,26,2,29,0.0,1025,10,10,304,20,New_York
2021-03-14,9,4,0.0,11.6,3,1,08:04 AM,08:20 PM,07:09 AM,07:02 PM,-8,3,7,3,32,11,36,0.0,1018,9,10,299,25,New_York
2021-03-15,4,-5,0.0,11.6,2,8,08:26 AM,09:21 PM,07:07 AM,07:03 PM,-19,-6,-0,-6,28,3,25,0.0,1026,4,10,332,24,New_York
2021-03-16,2,-5,2.3,7.4,1,15,08:50 AM,10:20 PM,07:06 AM,07:04 PM,-10,-3,0,-3,14,64,49,4.2,1024,2,7,134,11,New_York
2021-03-17,8,-2,0.0,7.4,2,23,09:14 AM,11:20 PM,07:04 AM,07:05 PM,3,4,5,4,8,89,89,1.5,1021,8,7,134,6,New_York
2021-03-18,10,7,0.0,6.0,2,30,09:41 AM,No moonset,07:02 AM,07:06 PM,7,7,8,7,14,99,91,11.2,1016,10,7,98,10,New_York
2021-03-19,2,-1,6.0,7.4,1,37,10:12 AM,12:20 AM,07:01 AM,07:08 PM,-4,-4,2,-4,39,76,66,22.0,1016,2,4,16,30,New_York
2021-03-20,14,3,0.0,11.6,3,44,10:48 AM,01:21 AM,06:59 AM,07:09 PM,-6,7,8,7,8,0,36,0.0,1033,14,10,215,7,New_York
2021-03-21,14,7,0.0,11.6,4,52,11:32 AM,02:18 AM,06:57 AM,07:10 PM,-0,9,10,9,10,0,49,0.0,1035,14,10,103,9,New_York
2021-03-22,14,7,0.0,11.6,4,59,12:23 PM,03:14 AM,06:56 AM,07:11 PM,1,11,11,11,8,0,50,0.0,1031,14,10,132,7,New_York
2021-03-23,15,8,0.0,10.3,3,66,01:22 PM,04:04 AM,06:54 AM,07:12 PM,3,11,12,11,9,29,56,0.0,1026,15,10,88,8,New_York
2021-03-24,12,7,0.0,6.3,3,73,02:27 PM,04:49 AM,06:52 AM,07:13 PM,7,9,10,9,14,71,78,0.0,1024,12,10,120,11,New_York
2021-03-25,15,8,0.0,11.6,3,81,03:38 PM,05:28 AM,06:51 AM,07:14 PM,8,10,11,10,15,45,79,0.0,1022,15,10,167,11,New_York
2021-03-26,22,12,0.0,9.0,4,88,04:50 PM,06:02 AM,06:49 AM,07:15 PM,9,15,17,15,43,67,67,4.5,1011,22,10,222,26,New_York
2021-03-27,15,7,0.0,10.3,3,95,06:04 PM,06:32 AM,06:47 AM,07:16 PM,-1,10,11,10,18,23,42,0.0,1018,15,10,282,14,New_York
2021-03-28,13,9,0.0,11.6,3,100,07:19 PM,07:01 AM,06:46 AM,07:17 PM,2,10,12,10,20,40,53,0.8,1016,13,10,97,16,New_York
2021-03-29,12,6,0.0,11.6,3,100,08:35 PM,07:30 AM,06:44 AM,07:18 PM,-3,6,9,6,33,24,43,0.0,1014,12,10,293,27,New_York
2021-03-30,14,10,0.0,11.6,4,83,09:53 PM,08:00 AM,06:42 AM,07:19 PM,0,11,12,11,16,0,44,0.0,1027,14,10,211,13,New_York
2021-03-31,14,7,0.0,9.0,3,79,11:10 PM,08:32 AM,06:41 AM,07:20 PM,9,10,12,10,20,50,83,9.5,1019,14,9,176,13,New_York
2021-04-01,9,4,0.0,6.4,2,63,No moonrise,09:11 AM,06:39 AM,07:21 PM,3,5,8,5,28,90,71,13.6,1008,9,8,278,23,New_York
2021-04-02,5,-0,0.0,7.7,1,56,12:26 AM,09:55 AM,06:37 AM,07:22 PM,-9,-3,2,-3,31,74,44,0.0,1016,5,10,321,25,New_York
2021-04-03,12,0,0.0,11.6,3,48,01:37 AM,10:48 AM,06:36 AM,07:23 PM,-11,3,6,3,21,18,31,0.0,1024,12,10,300,16,New_York
2021-04-04,11,6,0.0,6.5,2,41,02:39 AM,11:47 AM,06:34 AM,07:25 PM,-1,6,8,6,19,73,55,0.2,1020,11,10,299,14,New_York
2021-04-05,15,6,0.0,11.6,4,33,03:32 AM,12:52 PM,06:32 AM,07:26 PM,-2,8,10,8,26,3,46,0.0,1017,15,10,327,20,New_York
2021-04-06,18,8,0.0,11.6,4,26,04:15 AM,01:58 PM,06:31 AM,07:27 PM,-1,12,13,12,12,31,40,0.0,1014,18,10,269,9,New_York
2021-04-07,17,11,0.0,11.6,4,18,04:50 AM,03:04 PM,06:29 AM,07:28 PM,4,13,14,13,9,5,51,0.0,1015,17,10,91,8,New_York
2021-04-08,14,9,0.0,10.3,3,11,05:20 AM,04:08 PM,06:28 AM,07:29 PM,5,11,12,11,13,34,65,0.0,1020,14,10,145,11,New_York
2021-04-09,13,9,0.0,11.6,4,3,05:45 AM,05:11 PM,06:26 AM,07:30 PM,7,11,12,11,12,27,70,0.0,1022,13,10,150,10,New_York
2021-04-10,16,10,0.0,7.8,3,0,06:09 AM,06:11 PM,06:24 AM,07:31 PM,8,12,13,12,13,61,75,0.0,1016,16,10,171,9,New_York
2021-04-11,18,11,0.0,6.5,4,0,06:31 AM,07:12 PM,06:23 AM,07:32 PM,11,13,14,13,19,94,84,22.9,1003,18,9,139,14,New_York
2021-04-12,9,5,0.0,6.6,2,0,06:53 AM,08:11 PM,06:21 AM,07:33 PM,6,6,9,6,21,99,82,20.4,1010,9,5,49,16,New_York
2021-04-13,8,5,0.0,6.6,2,4,07:17 AM,09:12 PM,06:20 AM,07:34 PM,5,6,8,6,13,100,81,11.4,1012,8,8,85,10,New_York
2021-04-14,16,11,0.0,6.6,3,12,07:43 AM,10:12 PM,06:18 AM,07:35 PM,7,13,13,13,13,60,64,1.2,1015,16,10,234,10,New_York
2021-04-15,11,8,0.0,6.6,3,19,08:12 AM,11:12 PM,06:17 AM,07:36 PM,9,8,10,8,22,100,90,33.3,1008,11,8,146,16,New_York
2021-04-16,9,4,0.0,6.6,2,27,08:46 AM,No moonset,06:15 AM,07:37 PM,3,3,7,3,28,92,76,10.3,1004,9,9,248,22,New_York
2021-04-17,15,7,0.0,10.4,3,34,09:27 AM,12:11 AM,06:14 AM,07:38 PM,1,8,10,8,20,56,56,1.4,1007,15,9,301,16,New_York
2021-04-18,13,9,0.0,7.9,3,42,10:14 AM,01:07 AM,06:12 AM,07:39 PM,1,10,11,10,14,64,52,0.2,1011,13,10,313,11,New_York
2021-04-19,17,10,0.0,11.6,4,50,11:09 AM,01:58 AM,06:11 AM,07:40 PM,3,12,13,12,12,35,52,0.2,1013,17,10,277,9,New_York
2021-04-20,20,11,0.0,11.6,5,57,12:10 PM,02:44 AM,06:09 AM,07:41 PM,5,14,15,14,17,23,52,0.0,1015,20,10,222,13,New_York
2021-04-21,16,6,0.0,6.7,3,65,01:17 PM,03:24 AM,06:08 AM,07:42 PM,5,11,12,11,30,57,61,4.5,1008,16,9,216,23,New_York
2021-04-22,9,2,0.0,9.1,2,72,02:26 PM,03:59 AM,06:06 AM,07:43 PM,-7,2,6,2,35,35,43,0.0,1012,9,10,290,28,New_York
2021-04-23,15,4,0.0,10.4,3,80,03:38 PM,04:30 AM,06:05 AM,07:44 PM,-2,7,10,7,28,29,46,0.0,1016,15,10,276,22,New_York
2021-04-24,17,11,0.0,11.6,4,87,04:51 PM,04:59 AM,06:04 AM,07:45 PM,3,13,14,13,19,23,51,0.0,1017,17,10,224,15,New_York
2021-04-25,16,11,0.0,6.7,3,95,06:07 PM,05:27 AM,06:02 AM,07:47 PM,9,11,13,11,25,82,78,38.9,1006,16,7,237,18,New_York
2021-04-26,16,6,0.0,11.6,4,100,07:25 PM,05:56 AM,06:01 AM,07:48 PM,-4,9,11,9,27,14,38,0.0,1019,16,10,329,22,New_York
2021-04-27,21,8,0.0,13.5,5,100,08:44 PM,06:27 AM,06:00 AM,07:49 PM,-2,13,15,13,19,19,33,0.0,1019,21,10,280,15,New_York
2021-04-28,26,15,0.0,12.2,5,83,10:03 PM,07:03 AM,05:58 AM,07:50 PM,13,21,21,21,20,27,62,0.1,1012,26,10,241,13,New_York
2021-04-29,19,16,0.0,9.9,4,75,11:20 PM,07:46 AM,05:57 AM,07:51 PM,16,19,19,19,23,75,79,2.1,1007,19,9,238,14,New_York
2021-04-30,19,12,0.0,9.9,4,67,No moonrise,08:36 AM,05:56 AM,07:52 PM,11,16,17,16,31,61,71,2.1,1001,19,7,263,22,New_York
2021-05-01,17,6,0.0,14.0,4,65,12:29 AM,09:36 AM,05:54 AM,07:53 PM,-3,8,11,8,33,29,42,0.2,1011,17,9,306,27,New_York
2021-05-02,22,13,0.0,8.8,4,58,01:28 AM,10:41 AM,05:53 AM,07:54 PM,7,16,17,16,23,78,55,2.0,1009,22,9,262,16,New_York
2021-05-03,17,13,0.0,8.8,4,50,02:15 AM,11:49 AM,05:52 AM,07:55 PM,13,15,16,15,13,83,83,3.8,1010,17,8,92,9,New_York
2021-05-04,27,16,0.0,12.2,5,43,02:53 AM,12:56 PM,05:51 AM,07:56 PM,16,22,22,21,16,76,75,3.3,1006,27,9,210,11,New_York
2021-05-05,18,13,0.0,9.9,4,36,03:25 AM,02:01 PM,05:50 AM,07:57 PM,13,16,16,16,19,75,82,18.8,1008,18,8,239,14,New_York
2021-05-06,19,9,0.0,13.4,3,29,03:51 AM,03:04 PM,05:48 AM,07:58 PM,1,12,14,12,16,36,44,0.0,1015,19,10,275,12,New_York
2021-05-07,16,11,0.0,13.4,3,21,04:15 AM,04:05 PM,05:47 AM,07:59 PM,2,12,13,12,16,41,47,0.1,1012,16,10,163,13,New_York
2021-05-08,11,5,0.0,9.1,2,14,04:37 AM,05:05 PM,05:46 AM,08:00 PM,4,8,10,8,13,93,69,11.4,1010,11,7,199,10,New_York
2021-05-09,17,9,0.0,12.3,3,7,04:59 AM,06:04 PM,05:45 AM,08:01 PM,4,10,12,10,20,36,63,4.1,1016,17,9,247,16,New_York
2021-05-10,19,7,0.0,10.2,4,0,05:22 AM,07:04 PM,05:44 AM,08:02 PM,9,15,15,15,28,61,67,3.2,1008,19,10,250,20,New_York
